,Recency,Frequency,Monetry,Cluster
0,4,182,553704.0,1
1,77,27,257404.0,1
2,20,72,176613.0,1
3,18,16,41976.0,1
4,9,84,151822.0,1
5,208,4,9410.0,2
6,234,58,135550.0,2
7,15,13,65832.0,1
8,16,58,331601.0,1
9,9,131,771439.0,1
10,2,17,105674.0,1
11,14,254,705406.0,0
12,53,126,281630.0,1
13,170,9,21630.0,2
14,4,264,578591.0,0
15,16,23,78378.0,1
16,8,81,205212.0,1
17,292,21,41055.0,2
18,6,10,23537.0,1
19,17,166,469518.0,1
20,10,62,182448.0,1
21,15,49,163883.0,1
22,48,13,42424.0,1
23,26,32,76012.0,1
24,4,16,47361.0,1
25,171,76,200342.0,2
26,12,219,518776.0,1
27,74,39,93618.0,1
28,14,101,295952.0,1
29,34,86,178765.0,1
30,14,95,235678.0,1
31,9,28,45460.0,1
32,141,10,57670.0,1
33,18,100,356353.0,1
34,81,31,68598.0,1
35,22,100,60518.0,1
36,16,64,201327.0,1
37,15,25,148768.0,1
38,9,147,384183.0,1
39,9,124,287355.0,1
40,50,84,215492.0,1
41,15,55,158398.0,1
42,48,4,7278.0,1
43,324,10,25584.0,2
44,52,4,42252.0,1
45,149,53,178467.0,2
46,14,108,415792.0,1
47,13,72,222570.0,1
48,9,108,329075.0,1
49,14,114,1383334.0,0
50,18,27,59636.0,1
51,81,58,157322.0,1
52,10,37,80491.0,1
53,15,15,57781.0,1
54,10,757,14357682.0,5
55,4,189,384550.0,1
56,113,34,86360.0,1
57,10,29,80913.0,1
58,22,41,87913.0,1
59,11,38,91062.0,1
60,3,118,227879.0,1
61,74,30,200188.0,1
62,81,36,97807.0,1
63,136,29,62672.0,1
64,10,31,95512.0,1
65,12,292,800248.0,0
66,69,94,407444.0,1
67,50,10,27584.0,1
68,9,238,784562.0,0
69,50,107,526849.0,1
70,1,420,1870543.0,0
71,85,54,94388.0,1
72,81,36,896714.0,1
73,102,15,52453.0,1
74,3,185,560583.0,1
75,20,96,304853.0,1
76,367,10,21144.0,2
77,4,11,21598.0,1
78,12,173,465037.0,1
79,25,3,9948.0,1
80,58,57,117966.0,1
81,16,25,53855.0,1
82,50,21,48432.0,1
83,11,187,435921.0,1
84,74,8,26814.0,1
85,10,353,1230748.0,0
86,20,20,41312.0,1
87,142,43,95624.0,1
88,54,17,372796.0,1
89,13,85,335450.0,1
90,50,126,327927.0,1
91,12,63,243774.0,1
92,78,36,108842.0,1
93,13,34,76450.0,1
94,3,70,117356.0,1
95,54,83,160470.0,1
96,25,22,99624.0,1
97,20,49,87593.0,1
98,14,38,85253.0,1
99,3,506,1966954.0,0
100,9,384,779735.0,0
101,44,168,384317.0,1
102,10,441,887812.0,0
103,54,35,95322.0,1
104,2,255,694331.0,0
105,10,308,1486990.0,0
106,4,35,68029.0,1
107,5,34,57316.0,1
108,9,150,375459.0,1
109,10,210,672616.0,0
110,14,72,244819.0,1
111,9,346,503434.0,0
112,69,54,155349.0,1
113,49,14,35243.0,1
114,6,235,631870.0,0
115,39,25,57912.0,1
116,10,18,32436.0,1
117,75,22,50882.0,1
118,20,77,135114.0,1
119,82,13,162800.0,1
120,22,21,41174.0,1
121,19,55,540722.0,1
122,19,159,270830.0,1
123,11,142,335427.0,1
124,9,11,42741.0,1
125,234,23,8398.0,2
126,135,21,131175.0,1
127,9,69,53515.0,1
128,170,6,17688.0,2
129,145,31,100745.0,1
130,10,34,18915.0,1
131,93,35,76730.0,1
132,268,51,125408.0,2
133,354,15,35685.0,2
134,82,24,160118.0,1
135,9,283,297430.0,0
136,1,119,253627.0,1
137,40,17,35580.0,1
138,17,150,306391.0,1
139,143,37,68427.0,1
140,52,10,29723.0,1
141,2,106,207780.0,1
142,10,136,593226.0,1
143,1,68,151615.0,1
144,86,17,46012.0,1
145,10,89,203457.0,1
146,10,64,186878.0,1
147,20,17,14983.0,1
148,9,15,38806.0,1
149,42,62,131589.0,1
150,11,34,85411.0,1
151,8,268,557829.0,0
152,9,21,45271.0,1
153,19,273,662579.0,0
154,9,464,1491137.0,0
155,9,49,119829.0,1
156,9,19,34946.0,1
157,81,48,109849.0,1
158,50,68,132026.0,1
159,17,6,21996.0,1
160,173,4,8088.0,2
161,81,56,111488.0,1
162,358,10,21970.0,2
163,70,19,38249.0,1
164,13,187,418819.0,1
165,13,121,78463.0,1
166,21,27,544128.0,1
167,2,22,476.0,1
168,48,21,63704.0,1
169,6,109,239055.0,1
170,48,16,29545.0,1
171,12,161,426744.0,1
172,264,20,46932.0,2
173,170,10,16711.0,2
174,87,19,43032.0,1
175,11,455,1030421.0,0
176,4,158,400772.0,1
177,12,34,80348.0,1
178,38,60,110307.0,1
179,198,28,19601.0,2
180,171,10,21914.0,2
181,9,89,179047.0,1
182,9,147,85632.0,1
183,22,118,300219.0,1
184,81,29,50682.0,1
185,16,23,48818.0,1
186,70,14,26300.0,1
187,200,20,49548.0,2
188,3,235,929097.0,0
189,6,125,197570.0,1
190,19,95,246143.0,1
191,20,12,19943.0,1
192,38,3,11840.0,1
193,70,9,19257.0,1
194,9,33,72872.0,1
195,75,69,1125862.0,1
196,232,25,48876.0,2
197,11,16,56894.0,1
198,12,20,49189.0,1
199,12,114,406263.0,1
200,16,25,73777.0,1
201,9,210,417374.0,1
202,15,128,376917.0,1
203,9,55,136620.0,1
204,9,54,266897.0,1
205,18,24,60719.0,1
206,60,12,22148.0,1
207,25,1,66584.0,1
208,81,15,32404.0,1
209,368,3,-968.0,2
210,10,202,-1884.0,1
211,14,57,128931.0,1
212,12,107,219123.0,1
213,53,65,163374.0,1
214,59,20,72347.0,1
215,32,159,376098.0,1
216,17,20,35371.0,1
217,3,101,273666.0,1
218,11,34,70292.0,1
219,9,42,45614.0,1
220,22,10,17462.0,1
221,20,86,459860.0,1
222,20,91,192194.0,1
223,2,456,1575067.0,0
224,234,10,19714.0,2
225,47,17,34377.0,1
226,111,36,74810.0,1
227,79,88,304722.0,1
228,10,298,736038.0,0
229,10,224,547037.0,0
230,5,40,92558.0,1
231,50,62,133115.0,1
232,58,30,59362.0,1
233,42,99,253139.0,1
234,11,99,207962.0,1
235,10,390,743599.0,0
236,9,38,83074.0,1
237,239,21,45669.0,2
238,25,50,111655.0,1
239,116,9,17803.0,1
240,27,44,117382.0,1
241,12,17,291394.0,1
242,12,31,67129.0,1
243,9,70,209838.0,1
244,5,45,182772.0,1
245,11,116,388494.0,1
246,13,20,35705.0,1
247,15,31,77556.0,1
248,4,19,35984.0,1
249,19,9,16065.0,1
250,329,50,100783.0,2
251,149,43,266350.0,2
252,39,34,65543.0,1
253,20,125,444165.0,1
254,20,50,167004.0,1
255,20,35,77407.0,1
256,31,4,11160.0,1
257,20,12,30294.0,1
258,1,222,454691.0,1
259,36,28,511104.0,1
260,333,3,6115.0,2
261,59,32,70122.0,1
262,20,164,385430.0,1
263,151,98,200790.0,2
264,9,89,349024.0,1
265,331,10,26968.0,2
266,6,41,76200.0,1
267,11,87,239292.0,1
268,12,39,147640.0,1
269,14,158,2006852.0,0
270,47,52,116921.0,1
271,1,49,97967.0,1
272,9,623,1602166.0,0
273,4,496,1396584.0,0
274,5,349,971455.0,0
275,10,98,323115.0,1
276,9,151,329227.0,1
277,434,6,11570.0,2
278,114,171,631238.0,1
279,12,70,148131.0,1
280,206,15,39598.0,2
281,36,27,114558.0,1
282,73,37,80460.0,1
283,14,35,103693.0,1
284,38,27,69255.0,1
285,25,40,99498.0,1
286,8,264,614008.0,0
287,16,51,100749.0,1
288,20,11,23052.0,1
289,67,21,32750.0,1
290,9,81,235070.0,1
291,13,342,840450.0,0
292,292,33,72796.0,2
293,9,164,293643.0,1
294,8,251,1100565.0,0
295,11,76,144377.0,1
296,14,128,425558.0,1
297,1,37,106928.0,1
298,69,254,575673.0,0
299,111,20,37608.0,1
300,4,67,131467.0,1
301,16,53,110145.0,1
302,81,18,32715.0,1
303,6,40,72584.0,1
304,3,346,741462.0,0
305,9,158,333013.0,1
306,90,56,119797.0,1
307,4,68,91023.0,1
308,7,49,115089.0,1
309,372,23,43142.0,2
310,9,117,390149.0,1
311,14,133,441734.0,1
312,19,42,91772.0,1
313,114,25,55630.0,1
314,15,274,2307074.0,0
315,180,11,26680.0,2
316,235,22,43360.0,2
317,356,4,17596.0,2
318,49,41,87299.0,1
319,333,3,24024.0,2
320,373,10,21355.0,2
321,41,37,122634.0,1
322,10,27,62408.0,1
323,142,134,67823.0,1
324,16,215,1189651.0,0
325,3,103,479956.0,1
326,1,4615,4410721.0,3
327,4,231,467678.0,1
328,12,15,33848.0,1
329,82,53,561920.0,1
330,6,229,2670808.0,0
331,18,63,613410.0,1
332,78,3,1956.0,1
333,87,4,21072.0,1
334,10,366,549597.0,0
335,17,97,375967.0,1
336,17,92,178480.0,1
337,8,67,226818.0,1
338,142,18,62484.0,1
339,201,45,186675.0,2
340,4,306,822597.0,0
341,239,32,132446.0,2
342,212,12,178814.0,2
343,10,54,103103.0,1
344,20,62,166300.0,1
345,10,44,117303.0,1
346,9,159,481643.0,1
347,25,28,87962.0,1
348,5,102,236466.0,1
349,3,78,161072.0,1
350,20,58,67068.0,1
351,38,14,30431.0,1
352,11,17,57822.0,1
353,10,3,7771.0,1
354,75,20,38140.0,1
355,434,1,27360.0,2
356,169,24,45942.0,2
357,49,22,63051.0,1
358,11,45,116840.0,1
359,20,13,34491.0,1
360,365,16,19676.0,2
361,173,6,267792.0,2
362,14,25,51026.0,1
363,44,27,55433.0,1
364,178,25,48459.0,2
365,108,28,57589.0,1
366,50,15,32596.0,1
367,133,1,11952.0,1
368,149,45,106741.0,2
369,11,27,51582.0,1
370,47,3,15336.0,1
371,183,15,146605.0,2
372,4,59,130678.0,1
373,15,6,12198.0,1
374,88,47,121896.0,1
375,129,5,187830.0,1
376,10,25,51028.0,1
377,3,94,195057.0,1
378,35,25,56419.0,1
379,6,56,125062.0,1
380,49,12,47178.0,1
381,43,37,1021983.0,1
382,264,9,28791.0,2
383,33,27,48021.0,1
384,146,24,49573.0,2
385,17,18,37240.0,1
386,10,175,315762.0,1
387,174,12,14774.0,2
388,9,123,86503.0,1
389,3,315,752205.0,0
390,14,116,350832.0,1
391,5,439,528614.0,0
392,18,34,140634.0,1
393,13,108,204607.0,1
394,9,52,39466.0,1
395,261,27,43628.0,2
396,23,91,127997.0,1
397,9,49,134920.0,1
398,11,50,18150.0,1
399,261,20,37857.0,2
400,79,84,225769.0,1
401,81,115,159767.0,1
402,373,3,4728.0,2
403,8,317,275408.0,0
404,18,46,123904.0,1
405,54,6,59198.0,1
406,142,3,31152.0,1
407,12,96,199993.0,1
408,47,25,59304.0,1
409,11,550,623764.0,0
410,14,107,208612.0,1
411,368,2,-1636.0,2
412,85,11,44518.0,1
413,327,66,73421.0,2
414,17,4,44744.0,1
415,150,1,30846.0,2
416,58,83,308777.0,1
417,4,154,214162.0,1
418,28,49,113532.0,1
419,11,12,69640.0,1
420,78,7,30694.0,1
421,36,13,156624.0,1
422,11,42,78180.0,1
423,89,7,32195.0,1
424,10,72,153254.0,1
425,10,86,173583.0,1
426,76,7,35792.0,1
427,25,82,49953.0,1
428,14,3,76050.0,1
429,9,34,23974.0,1
430,52,24,45041.0,1
431,205,4,27084.0,2
432,20,109,1288884.0,1
433,267,10,17244.0,2
434,20,72,67161.0,1
435,20,63,373610.0,1
436,171,2,132600.0,2
437,70,96,279320.0,1
438,25,75,393252.0,1
439,7,24,197798.0,1
440,5,50,314931.0,1
441,149,22,39997.0,2
442,142,109,351763.0,1
443,42,2,68520.0,1
444,9,52,164479.0,1
445,20,28,23752.0,1
446,8,741,2109710.0,0
447,43,28,53858.0,1
448,10,28,20657.0,1
449,47,30,113008.0,1
450,5,45,90726.0,1
451,9,84,297164.0,1
452,48,9,12185.0,1
453,81,27,54586.0,1
454,10,69,3224042.0,0
455,25,107,82963.0,1
456,3,130,307098.0,1
457,20,63,134922.0,1
458,20,120,200553.0,1
459,27,9,19458.0,1
460,10,47,1406976.0,1
461,55,103,106069.0,1
462,73,75,77673.0,1
463,306,1,-398.0,2
464,9,30,73898.0,1
465,200,23,56428.0,2
466,14,102,212061.0,1
467,10,118,266373.0,1
468,9,219,540272.0,1
469,3,23,235382.0,1
470,69,65,127383.0,1
471,6,80,170687.0,1
472,69,17,38045.0,1
473,2,183,662489.0,1
474,18,19,12774.0,1
475,5,244,516132.0,0
476,8,16,34125.0,1
477,22,95,231113.0,1
478,11,109,94209.0,1
479,99,10,19526.0,1
480,5,33,138822.0,1
481,113,5,17062.0,1
482,8,151,60410.0,1
483,5,306,1605069.0,0
484,203,8,15351.0,2
485,212,22,106980.0,2
486,43,9,4438.0,1
487,18,23,757205.0,1
488,9,20,52852.0,1
489,16,34,51025.0,1
490,21,4,10454.0,1
491,1,78,216002.0,1
492,81,30,68861.0,1
493,295,92,60365.0,2
494,6,67,687959.0,1
495,14,13,48380.0,1
496,24,31,70444.0,1
497,12,27,53197.0,1
498,5,73,110728.0,1
499,82,5,25659.0,1
500,23,67,152872.0,1
501,16,28,63967.0,1
502,260,31,69528.0,2
503,6,342,1298316.0,0
504,293,7,16994.0,2
505,155,6,19676.0,2
506,9,409,793775.0,0
507,16,29,55780.0,1
508,57,4,10097.0,1
509,324,15,27693.0,2
510,434,3,5701.0,2
511,15,106,170464.0,1
512,3,222,578459.0,0
513,6,124,383127.0,1
514,16,176,425084.0,1
515,12,47,105968.0,1
516,69,1,23040.0,1
517,9,459,1008838.0,0
518,5,134,333042.0,1
519,10,38,70742.0,1
520,2,42,180606.0,1
521,119,19,834000.0,1
522,23,47,104566.0,1
523,35,10,132814.0,1
524,20,99,100562.0,1
525,53,75,116086.0,1
526,358,11,24175.0,2
527,55,37,82142.0,1
528,58,30,124504.0,1
529,15,48,109939.0,1
530,44,28,108902.0,1
531,9,43,88356.0,1
532,199,14,62905.0,2
533,292,33,75834.0,2
534,41,18,41435.0,1
535,9,35,75897.0,1
536,12,194,386725.0,1
537,20,137,244378.0,1
538,10,14,82962.0,1
539,12,421,756477.0,0
540,15,18,46836.0,1
541,15,78,166730.0,1
542,13,8,29432.0,1
543,16,8,20052.0,1
544,107,15,35544.0,1
545,81,10,29825.0,1
546,44,11,43666.0,1
547,13,69,134493.0,1
548,403,14,23751.0,2
549,9,49,60051.0,1
550,83,15,13569.0,1
551,161,2,48200.0,2
552,1,469,599189.0,0
553,105,9,29490.0,1
554,268,7,20586.0,2
555,12,22,111700.0,1
556,2,112,106117.0,1
557,2,380,1497897.0,0
558,8,6,25582.0,1
559,183,6,12288.0,2
560,2,1059,3798089.0,0
561,12,74,482302.0,1
562,6,18,40408.0,1
563,74,29,29201.0,1
564,5,1853,7408035.0,5
565,9,159,995305.0,0
566,9,24,53203.0,1
567,71,26,57083.0,1
568,17,170,972397.0,0
569,13,29,268779.0,1
570,71,6,16392.0,1
571,9,436,715121.0,0
572,2,605,3654272.0,0
573,286,1,39456.0,2
574,239,8,16092.0,2
575,5,310,842101.0,0
576,100,8,29308.0,1
577,6,20,136536.0,1
578,165,2,7208.0,2
579,19,60,215386.0,1
580,373,10,52288.0,2
581,10,50,102302.0,1
582,9,146,164243.0,1
583,1,275,1074717.0,0
584,14,132,302316.0,1
585,126,31,59924.0,1
586,17,76,143247.0,1
587,20,82,127802.0,1
588,246,1,4212.0,2
589,270,53,36030.0,2
590,133,55,122263.0,1
591,11,235,490319.0,0
592,5,142,313317.0,1
593,83,15,32308.0,1
594,98,2,8280.0,1
595,14,46,131413.0,1
596,268,3,9126.0,2
597,79,7,12965.0,1
598,14,105,223594.0,1
599,15,139,314542.0,1
600,9,705,476564.0,0
601,24,63,124103.0,1
602,9,174,626091.0,1
603,111,46,52298.0,1
604,45,136,314496.0,1
605,20,23,41122.0,1
606,333,3,12651.0,2
607,41,7,68524.0,1
608,27,17,32337.0,1
609,36,4,74760.0,1
610,9,347,422442.0,0
611,20,86,235562.0,1
612,211,75,146312.0,2
613,7,15,69282.0,1
614,9,85,122707.0,1
615,50,89,250304.0,1
616,11,79,155801.0,1
617,38,122,193802.0,1
618,24,4,11140.0,1
619,109,8,12868.0,1
620,12,82,247744.0,1
621,50,42,170950.0,1
622,47,42,51979.0,1
623,10,64,123152.0,1
624,9,133,165057.0,1
625,40,13,84480.0,1
626,27,32,19853.0,1
627,22,48,53427.0,1
628,5,43,47669.0,1
629,20,313,357322.0,0
630,50,72,74846.0,1
631,40,17,32082.0,1
632,9,265,765330.0,0
633,52,11,24002.0,1
634,13,94,499138.0,1
635,13,182,237520.0,1
636,271,1,7248.0,2
637,11,84,196820.0,1
638,19,37,26919.0,1
639,20,2,12186.0,1
640,21,29,61660.0,1
641,11,63,126061.0,1
642,10,29,14015.0,1
643,142,3,8028.0,1
644,20,110,239038.0,1
645,12,229,469954.0,1
646,6,119,1320064.0,0
647,12,46,113940.0,1
648,12,57,128322.0,1
649,22,8,34464.0,1
650,10,147,159020.0,1
651,9,329,781058.0,0
652,11,22,47372.0,1
653,11,56,164951.0,1
654,10,143,93945.0,1
655,12,92,228466.0,1
656,272,5,46468.0,2
657,73,5,66230.0,1
658,73,5,10088.0,1
659,45,21,89601.0,1
660,241,65,95565.0,2
661,205,5,21256.0,2
662,10,108,285833.0,1
663,4,32,805712.0,1
664,17,16,13306.0,1
665,203,9,31091.0,2
666,84,2,43800.0,1
667,137,10,19720.0,1
668,5,611,363417.0,0
669,11,206,167592.0,1
670,19,43,107940.0,1
671,15,58,126192.0,1
672,26,39,92962.0,1
673,22,32,77092.0,1
674,264,22,49778.0,2
675,11,66,81157.0,1
676,114,13,34020.0,1
677,204,58,73521.0,2
678,11,27,13856.0,1
679,51,16,47933.0,1
680,20,143,274541.0,1
681,23,25,68532.0,1
682,14,26,58820.0,1
683,11,23,102696.0,1
684,13,36,189436.0,1
685,38,14,49603.0,1
686,20,38,84236.0,1
687,10,87,35487.0,1
688,62,8,64478.0,1
689,200,9,106684.0,2
690,264,11,25323.0,2
691,2,1673,990656.0,0
692,14,91,290524.0,1
693,9,202,595203.0,1
694,3,224,539051.0,0
695,15,446,507500.0,0
696,4,320,713660.0,0
697,372,1,59200.0,2
698,9,101,27886.0,1
699,9,15,30719.0,1
700,114,16,19557.0,1
701,10,30,66685.0,1
702,20,8,33994.0,1
703,50,46,79793.0,1
704,10,11,15505.0,1
705,19,85,108465.0,1
706,15,40,118325.0,1
707,10,7,13802.0,1
708,323,14,23856.0,2
709,24,187,375667.0,1
710,13,42,47935.0,1
711,39,31,72750.0,1
712,14,54,112077.0,1
713,362,11,22749.0,2
714,142,5,12246.0,1
715,8,59,256847.0,1
716,3,2,38352.0,1
717,270,5,15960.0,2
718,173,22,47291.0,2
719,13,80,77434.0,1
720,43,1,6745.0,1
721,322,21,41429.0,2
722,5,81,261766.0,1
723,12,1,1800.0,1
724,14,57,165757.0,1
725,8,107,224304.0,1
726,9,77,133103.0,1
727,6,26,75785.0,1
728,9,78,199013.0,1
729,2,75,86092.0,1
730,9,86,762070.0,1
731,10,135,261080.0,1
732,4,20,79626.0,1
733,6,500,1299160.0,0
734,15,110,204673.0,1
735,87,11,80554.0,1
736,20,25,24036.0,1
737,4,21,86097.0,1
738,11,77,932158.0,1
739,83,12,79199.0,1
740,39,109,438015.0,1
741,232,17,167132.0,2
742,9,19,94751.0,1
743,11,53,147831.0,1
744,20,21,44904.0,1
745,14,268,444059.0,0
746,81,51,109009.0,1
747,13,24,52082.0,1
748,203,54,102117.0,2
749,17,134,1312740.0,0
750,264,42,94336.0,2
751,174,22,38705.0,2
752,10,119,305114.0,1
753,47,22,44919.0,1
754,101,8,43908.0,1
755,10,14,30222.0,1
756,20,16,34641.0,1
757,20,43,105324.0,1
758,10,16,43739.0,1
759,8,27,55324.0,1
760,81,51,101099.0,1
761,12,32,81014.0,1
762,81,42,96965.0,1
763,199,90,75669.0,2
764,269,29,57472.0,2
765,10,24,50573.0,1
766,5,169,378356.0,1
767,20,60,133168.0,1
768,40,20,-294.0,1
769,9,132,277896.0,1
770,52,1,19584.0,1
771,110,29,76299.0,1
772,355,19,33835.0,2
773,371,44,89075.0,2
774,11,23,46523.0,1
775,10,158,422254.0,1
776,88,38,101231.0,1
777,41,53,123629.0,1
778,10,97,92116.0,1
779,9,173,464656.0,1
780,47,15,29465.0,1
781,9,155,529301.0,1
782,330,35,68814.0,2
783,73,36,76302.0,1
784,21,51,105251.0,1
785,81,13,67356.0,1
786,204,1,6044.0,2
787,2,162,350958.0,1
788,14,21,47450.0,1
789,9,47,161123.0,1
790,19,39,177729.0,1
791,75,26,63839.0,1
792,42,39,86108.0,1
793,21,3,10860.0,1
794,6,11,30336.0,1
795,81,27,66206.1,1
796,3,498,3594149.0,0
797,26,30,120775.0,1
798,111,18,24307.0,1
799,104,24,229993.0,1
800,51,19,76604.0,1
801,5,28,71264.0,1
802,10,313,789498.0,0
803,10,16,35250.0,1
804,151,10,18046.0,2
805,50,104,244776.0,1
806,10,128,324717.0,1
807,111,78,221325.0,1
808,1,158,462629.0,1
809,12,29,97152.0,1
810,20,74,29371.0,1
811,10,67,175463.0,1
812,20,53,100073.0,1
813,40,46,160208.0,1
814,11,10,69336.0,1
815,6,103,495801.0,1
816,3,12,23428.0,1
817,9,167,407797.0,1
818,138,54,38559.0,1
819,11,13,38360.0,1
820,9,62,140472.0,1
821,15,199,427196.0,1
822,24,19,38759.0,1
823,11,71,289773.0,1
824,12,444,409209.0,0
825,269,2,59093.0,2
826,166,17,42714.0,2
827,25,53,118623.0,1
828,10,65,211462.0,1
829,8,394,1229212.0,0
830,9,17,33275.0,1
831,39,27,202618.0,1
832,14,10,16960.0,1
833,59,41,85845.0,1
834,14,18,45012.0,1
835,9,99,139254.0,1
836,3,306,695046.0,0
837,72,10,20740.0,1
838,4,260,333016.0,0
839,10,22,58370.0,1
840,237,64,30069.0,2
841,15,86,195048.0,1
842,17,60,141877.0,1
843,58,81,193474.0,1
844,204,16,33209.0,2
845,51,112,239767.0,1
846,234,11,25433.0,2
847,10,10,22148.0,1
848,242,8,34390.0,2
849,234,23,58653.0,2
850,12,69,142258.0,1
851,15,34,76621.0,1
852,12,427,1121291.0,0
853,13,14,65704.0,1
854,16,86,168444.0,1
855,43,50,146716.0,1
856,278,6,67141.0,2
857,48,18,39471.0,1
858,9,52,239729.0,1
859,99,36,80087.0,1
860,17,20,41168.0,1
861,9,45,182258.0,1
862,9,67,141930.0,1
863,200,53,160578.0,2
864,22,18,42180.0,1
865,81,17,32445.0,1
866,10,22,38053.0,1
867,10,223,475139.0,1
868,171,29,61859.0,2
869,4,162,332019.0,1
870,16,12,12483.0,1
871,38,43,151305.0,1
872,2,117,251195.0,1
873,264,15,30664.0,2
874,42,10,26526.0,1
875,81,4,18004.0,1
876,16,59,119435.0,1
877,23,44,193809.0,1
878,10,143,279585.0,1
879,86,38,87576.0,1
880,52,9,12526.0,1
881,14,88,366730.0,1
882,2,435,148043.0,0
883,31,5,14824.0,1
884,9,176,469272.0,1
885,45,27,84999.0,1
886,21,6,77516.0,1
887,9,224,316895.0,1
888,81,15,34896.0,1
889,207,22,56756.0,2
890,9,66,27056.0,1
891,14,76,37277.0,1
892,3,342,699846.0,0
893,3,179,447227.0,1
894,17,25,136670.0,1
895,18,38,74956.0,1
896,70,87,35986.0,1
897,20,98,80303.0,1
898,11,124,92920.0,1
899,16,52,112297.0,1
900,293,4,9795.0,2
901,10,121,422719.0,1
902,81,136,557387.0,1
903,9,34,87105.0,1
904,6,175,80312.0,1
905,8,33,20514.0,1
906,45,14,20097.0,1
907,16,82,223467.0,1
908,85,49,88330.0,1
909,355,82,154749.0,2
910,19,38,31788.0,1
911,50,176,114732.0,1
912,174,44,23149.0,2
913,20,84,44882.0,1
914,16,27,32256.0,1
915,10,341,301260.0,0
916,206,33,166045.0,2
917,52,26,37730.0,1
918,25,46,100339.0,1
919,11,130,816798.0,1
920,26,85,204024.0,1
921,20,23,55581.0,1
922,18,10,12830.0,1
923,13,53,118173.0,1
924,18,24,16574.0,1
925,9,10,78156.0,1
926,9,179,368244.0,1
927,20,21,42546.0,1
928,20,89,287131.0,1
929,40,58,137007.0,1
930,15,16,28848.0,1
931,19,129,243448.0,1
932,53,26,55811.0,1
933,6,166,89523.0,1
934,50,41,20354.0,1
935,4,263,665586.0,0
936,79,19,36152.0,1
937,50,99,98032.0,1
938,10,23,54495.0,1
939,27,27,24371.0,1
940,16,43,39255.0,1
941,50,98,80295.0,1
942,14,228,136525.0,1
943,11,76,157264.0,1
944,11,201,185589.0,1
945,79,24,48896.0,1
946,50,44,69579.0,1
947,175,13,31318.0,2
948,117,19,39003.0,1
949,9,85,82862.0,1
950,46,19,36916.0,1
951,60,94,226622.0,1
952,19,59,982153.0,1
953,6,80,273371.0,1
954,102,11,236710.0,1
955,16,147,259986.0,1
956,9,188,196569.0,1
957,10,62,140524.0,1
958,9,64,124560.0,1
959,14,100,101468.0,1
960,21,8,18081.0,1
961,81,40,144944.0,1
962,15,66,44292.0,1
963,11,28,64182.0,1
964,20,148,359523.0,1
965,121,5,35050.0,1
966,40,80,216898.0,1
967,169,23,41181.0,2
968,10,98,221620.0,1
969,131,6,10773.0,1
970,51,63,137507.0,1
971,16,166,380221.0,1
972,115,56,125963.0,1
973,19,49,64870.0,1
974,130,16,45773.0,1
975,69,111,312014.0,1
976,203,108,205115.0,2
977,15,58,113316.0,1
978,180,13,23450.0,2
979,40,12,10361.0,1
980,150,87,38604.0,2
981,3,501,813765.0,0
982,51,9,32918.0,1
983,81,25,49196.0,1
984,18,15,1114.0,1
985,9,65,46210.0,1
986,13,25,64644.0,1
987,152,16,68568.0,2
988,2,211,398404.0,1
989,10,57,102345.0,1
990,14,3,6302.0,1
991,108,31,8611.0,1
992,4,37,263771.0,1
993,183,8,10575.0,2
994,10,6,111008.0,1
995,10,9,19737.0,1
996,25,54,208972.0,1
997,327,4,-3470.0,2
998,5,571,9351019.0,5
999,9,90,329089.0,1
1000,39,12,23415.0,1
1001,13,14,32972.0,1
1002,11,197,343530.0,1
1003,326,1,10050.0,2
1004,7,135,300960.0,1
1005,8,28,91646.0,1
1006,18,20,44267.0,1
1007,171,48,98208.0,2
1008,272,50,46103.0,2
1009,4,346,793704.0,0
1010,9,8,25044.0,1
1011,15,13,31803.0,1
1012,16,10,42674.0,1
1013,19,108,135009.0,1
1014,270,21,18037.0,2
1015,9,103,233202.0,1
1016,77,12,42935.0,1
1017,20,60,133651.0,1
1018,107,43,101464.0,1
1019,9,28,67663.0,1
1020,17,86,306071.0,1
1021,45,6,22258.0,1
1022,18,118,211244.0,1
1023,39,42,169880.0,1
1024,9,20,42231.0,1
1025,9,63,124411.0,1
1026,43,43,94918.0,1
1027,15,38,73505.0,1
1028,9,33,71265.0,1
1029,25,208,335348.0,1
1030,6,194,98342.0,1
1031,203,30,38331.0,2
1032,23,3,23076.0,1
1033,241,23,56822.0,2
1034,15,35,76348.0,1
1035,11,323,362401.0,0
1036,4,42,253351.0,1
1037,11,72,178646.0,1
1038,74,26,53216.0,1
1039,617,1,8128.0,2
1040,16,28,113535.0,1
1041,55,24,192831.0,1
1042,200,9,38231.0,2
1043,12,76,171521.0,1
1044,170,35,97703.0,2
1045,13,12,35080.0,1
1046,4,343,270345.0,0
1047,3,143,674198.0,1
1048,19,117,408638.0,1
1049,35,25,78531.0,1
1050,55,57,37927.0,1
1051,51,70,141470.0,1
1052,15,13,21760.0,1
1053,40,17,188267.0,1
1054,19,207,202046.0,1
1055,3,399,2017058.0,0
1056,3,143,337083.0,1
1057,10,120,340990.0,1
1058,9,177,139413.0,1
1059,82,22,45131.0,1
1060,1,213,2657603.0,0
1061,112,9,21402.0,1
1062,8,57,48415.0,1
1063,16,17,14500.0,1
1064,10,115,107942.0,1
1065,11,31,371170.0,1
1066,368,7,28776.0,2
1067,81,31,49819.0,1
1068,5,44,76546.0,1
1069,12,16,161456.0,1
1070,10,13,24037.0,1
1071,4,438,4832240.0,0
1072,117,39,89832.0,1
1073,18,33,72624.0,1
1074,10,23,42847.0,1
1075,48,62,585042.0,1
1076,169,17,35476.0,2
1077,9,137,340085.0,1
1078,55,13,177752.0,1
1079,10,10,28848.0,1
1080,368,7,12904.0,2
1081,7,76,213724.0,1
1082,48,12,16826.0,1
1083,9,32,100525.0,1
1084,185,10,55611.0,2
1085,10,33,62822.0,1
1086,11,67,139931.0,1
1087,11,58,201917.0,1
1088,24,174,496164.0,1
1089,10,31,61770.0,1
1090,9,22,43194.0,1
1091,18,36,157544.0,1
1092,145,59,46249.0,1
1093,7,96,92490.0,1
1094,11,40,120521.0,1
1095,9,46,215952.0,1
1096,177,11,23762.0,2
1097,58,93,49218.0,1
1098,23,15,32738.0,1
1099,20,74,258923.0,1
1100,22,4,5205.0,1
1101,13,29,45817.0,1
1102,13,55,106296.0,1
1103,212,19,37675.0,2
1104,6,174,81863.0,1
1105,77,1,8600.0,1
1106,13,206,430493.0,1
1107,20,20,47496.0,1
1108,10,9,38876.0,1
1109,16,58,101610.0,1
1110,102,5,232600.0,1
1111,52,101,207597.0,1
1112,12,94,200635.0,1
1113,11,80,238153.0,1
1114,58,24,121794.0,1
1115,11,114,923231.0,1
1116,14,17,63374.0,1
1117,58,11,24095.0,1
1118,327,28,26320.0,2
1119,2,77,154078.0,1
1120,13,142,301243.0,1
1121,16,22,38342.0,1
1122,14,30,60914.0,1
1123,83,7,18261.0,1
1124,9,61,130667.0,1
1125,39,32,72383.0,1
1126,12,307,396921.0,0
1127,6,118,346818.0,1
1128,11,338,787206.0,0
1129,15,24,44183.0,1
1130,359,18,63012.0,2
1131,14,104,241264.0,1
1132,10,7,13848.0,1
1133,89,3,18624.0,1
1134,55,36,147650.0,1
1135,14,165,406700.0,1
1136,8,179,2192280.0,0
1137,3,66,158550.0,1
1138,4,154,320137.0,1
1139,8,60,93417.0,1
1140,75,28,61916.0,1
1141,101,16,30381.0,1
1142,205,19,43402.0,2
1143,15,40,78040.0,1
1144,11,15,47906.0,1
1145,2,114,228414.0,1
1146,10,27,114051.0,1
1147,298,21,91094.0,2
1148,18,30,66794.0,1
1149,9,119,327088.0,1
1150,52,17,40374.0,1
1151,326,12,20510.0,2
1152,17,19,48270.0,1
1153,75,43,95215.0,1
1154,13,149,367834.0,1
1155,39,26,48894.0,1
1156,12,126,307474.0,1
1157,15,148,391367.0,1
1158,9,34,78047.0,1
1159,51,18,38358.0,1
1160,50,30,165454.0,1
1161,10,31,60724.0,1
1162,322,7,21663.0,2
1163,54,20,45394.0,1
1164,2,137,234744.0,1
1165,11,45,79053.0,1
1166,24,11,28914.0,1
1167,81,21,46706.0,1
1168,9,27,53560.0,1
1169,173,10,86357.0,2
1170,58,17,48184.0,1
1171,11,59,155477.0,1
1172,295,16,34377.0,2
1173,114,23,71566.0,1
1174,264,31,112988.0,2
1175,174,27,50992.0,2
1176,173,9,22725.0,2
1177,9,7,10592.0,1
1178,18,46,104174.0,1
1179,10,49,115174.0,1
1180,11,45,607342.0,1
1181,81,11,81029.0,1
1182,10,5,10984.0,1
1183,365,3,13024.0,2
1184,3,160,357665.0,1
1185,16,36,90375.0,1
1186,177,39,85597.0,2
1187,15,137,404688.0,1
1188,38,19,344286.0,1
1189,2,30,45266.0,1
1190,13,33,40072.0,1
1191,6,152,127086.0,1
1192,403,5,-11694.0,2
1193,17,92,77954.0,1
1194,22,12,29006.0,1
1195,16,11,21924.0,1
1196,18,35,91898.0,1
1197,152,2,10530.0,2
1198,8,633,1113829.0,0
1199,10,158,361770.0,1
1200,101,15,25157.0,1
1201,200,11,33686.0,2
1202,50,28,53946.0,1
1203,9,340,328724.0,0
1204,209,10,43178.0,2
1205,50,15,36851.0,1
1206,81,54,121590.0,1
1207,10,11,26950.0,1
1208,70,115,240778.0,1
1209,34,112,324582.0,1
1210,29,16,127492.0,1
1211,5,353,884115.0,0
1212,20,13,43429.0,1
1213,20,239,559638.0,0
1214,10,41,199572.0,1
1215,15,16,42763.0,1
1216,20,85,130398.0,1
1217,31,5,10714.0,1
1218,36,125,382113.0,1
1219,4,155,275868.0,1
1220,16,87,179460.0,1
1221,9,212,496567.0,1
1222,208,16,98949.0,2
1223,51,39,258574.0,1
1224,13,47,97239.0,1
1225,11,171,599457.0,1
1226,15,84,408585.0,1
1227,79,30,127459.0,1
1228,203,44,87257.0,2
1229,47,11,40452.0,1
1230,47,34,72658.0,1
1231,81,39,101776.0,1
1232,53,20,112726.0,1
1233,43,162,541332.0,1
1234,11,68,188748.0,1
1235,20,39,86924.0,1
1236,74,22,72623.0,1
1237,137,28,65219.0,1
1238,8,31,77964.0,1
1239,12,16,37972.0,1
1240,63,6,13908.0,1
1241,40,15,57438.0,1
1242,11,243,307161.0,1
1243,12,251,1696418.0,0
1244,8,152,400683.0,1
1245,13,92,65569.0,1
1246,29,66,174196.0,1
1247,78,38,77308.0,1
1248,177,28,17031.0,2
1249,81,93,201742.0,1
1250,9,6,17888.0,1
1251,10,240,434992.0,0
1252,267,21,19192.0,2
1253,18,209,81035.0,1
1254,172,6,195522.0,2
1255,78,13,30426.0,1
1256,38,34,150518.0,1
1257,18,88,50950.0,1
1258,13,505,760433.0,0
1259,9,54,111085.0,1
1260,1,214,1764541.0,0
1261,20,56,27949.0,1
1262,104,4,33890.0,1
1263,66,6,12644.0,1
1264,111,10,79132.0,1
1265,2,1127,1020148.0,0
1266,10,291,860598.0,0
1267,267,8,27568.0,2
1268,5,203,890648.0,0
1269,69,111,1349698.0,1
1270,9,81,235080.0,1
1271,267,7,17433.0,2
1272,10,52,56690.0,1
1273,321,24,29822.0,2
1274,4,331,175218.0,0
1275,9,14,18214.0,1
1276,5,43,131134.0,1
1277,12,46,16265.0,1
1278,17,42,63392.0,1
1279,14,65,118844.0,1
1280,12,12,53136.0,1
1281,9,4,6492.0,1
1282,18,155,119155.0,1
1283,365,29,24900.0,2
1284,5,181,142996.0,1
1285,3,451,612688.0,0
1286,3,70,33412.0,1
1287,9,589,5678995.0,5
1288,58,14,23739.0,1
1289,326,1,8352.0,2
1290,8,217,508321.0,1
1291,20,105,60215.0,1
1292,5,5099,6146204.0,3
1293,9,21,19091.0,1
1294,10,252,420386.0,0
1295,142,26,22838.0,1
1296,81,34,795177.0,1
1297,8,84,175631.0,1
1298,155,21,26096.0,2
1299,90,76,169657.0,1
1300,11,124,361086.0,1
1301,9,35,75231.0,1
1302,26,14,9424.0,1
1303,5,157,704558.0,1
1304,11,11,95357.0,1
1305,9,173,359575.0,1
1306,4,38,213745.0,1
1307,17,15,43651.0,1
1308,9,72,175489.0,1
1309,145,3,13704.0,1
1310,359,1,-2082.0,2
1311,4,161,377047.0,1
1312,85,5,111164.0,1
1313,9,167,362428.0,1
1314,20,15,86422.0,1
1315,12,44,89151.0,1
1316,10,46,90653.0,1
1317,2,52,144699.0,1
1318,293,67,63884.0,2
1319,3,201,531062.0,1
1320,12,30,75351.0,1
1321,2,134,666799.0,1
1322,3,47,127049.0,1
1323,50,26,64788.0,1
1324,4,67,130608.0,1
1325,4,46,106615.0,1
1326,403,22,45056.0,2
1327,143,7,12842.0,1
1328,43,11,414756.0,1
1329,38,240,468219.0,1
1330,57,6,50612.0,1
1331,234,3,16640.0,2
1332,15,40,34154.0,1
1333,9,26,90914.0,1
1334,81,50,96024.0,1
1335,240,52,161084.0,2
1336,267,6,12968.0,2
1337,9,1395,12647317.0,5
1338,20,49,51452.0,1
1339,50,41,86224.0,1
1340,11,1211,685987.0,0
1341,15,108,136553.0,1
1342,174,25,36425.0,2
1343,13,52,297296.0,1
1344,81,29,220734.0,1
1345,17,25,14751.0,1
1346,70,52,66512.0,1
1347,11,58,46170.0,1
1348,45,29,52999.0,1
1349,9,26,18334.0,1
1350,10,164,381795.0,1
1351,298,32,67097.0,2
1352,11,43,66660.0,1
1353,9,325,237192.0,0
1354,50,165,86982.0,1
1355,11,248,498969.0,0
1356,10,24,51181.0,1
1357,332,3,20166.0,2
1358,18,71,255175.0,1
1359,3,277,662591.0,0
1360,2,263,645129.0,0
1361,10,42,106222.0,1
1362,5,604,1409229.0,0
1363,107,8,157596.0,1
1364,112,6,41114.0,1
1365,21,44,79890.0,1
1366,15,2,19752.0,1
1367,61,39,105424.0,1
1368,3,44,19978.0,1
1369,20,38,29749.0,1
1370,240,21,44282.0,2
1371,11,10,17337.0,1
1372,12,88,244389.0,1
1373,19,103,227796.0,1
1374,41,118,280494.0,1
1375,11,9,155680.0,1
1376,9,70,136439.0,1
1377,20,109,244686.0,1
1378,5,59,215044.0,1
1379,3,107,230093.0,1
1380,50,12,26476.0,1
1381,6,7,13646.0,1
1382,46,21,76886.0,1
1383,14,194,456172.0,1
1384,178,41,96639.0,2
1385,11,61,122017.0,1
1386,15,118,130636.0,1
1387,9,73,283495.0,1
1388,27,183,426228.0,1
1389,19,43,179117.0,1
1390,44,54,101174.0,1
1391,14,118,295181.0,1
1392,18,36,167446.0,1
1393,23,159,119867.0,1
1394,13,80,401350.0,1
1395,81,15,63854.0,1
1396,403,9,17633.0,2
1397,329,8,20847.0,2
1398,11,116,283190.0,1
1399,9,42,107479.0,1
1400,44,10,27340.0,1
1401,235,16,34381.0,2
1402,11,148,311405.0,1
1403,15,112,215714.0,1
1404,16,75,182781.0,1
1405,17,20,15917.0,1
1406,293,8,36582.0,2
1407,8,111,245538.0,1
1408,2,78,382408.0,1
1409,264,54,114988.0,2
1410,12,107,408531.0,1
1411,11,112,1554952.0,0
1412,143,5,16202.0,1
1413,51,52,139383.0,1
1414,9,143,345454.0,1
1415,13,19,36422.0,1
1416,111,31,68153.0,1
1417,74,66,148825.0,1
1418,332,29,57851.0,2
1419,137,10,15960.0,1
1420,81,33,75485.0,1
1421,16,29,67670.0,1
1422,11,75,132618.0,1
1423,15,226,493601.0,1
1424,197,8,14544.0,2
1425,4,156,494639.0,1
1426,9,34,65022.0,1
1427,22,27,216966.0,1
1428,16,285,696118.0,0
1429,69,10,33277.0,1
1430,15,17,52158.0,1
1431,38,47,104944.0,1
1432,10,103,276997.0,1
1433,2,238,525477.0,0
1434,17,108,551160.0,1
1435,4,61,137983.0,1
1436,100,6,17356.0,1
1437,10,63,179011.0,1
1438,5,1638,7892625.0,5
1439,19,155,490663.0,1
1440,27,3,6260.0,1
1441,114,16,88401.0,1
1442,45,27,24304.0,1
1443,12,110,232408.0,1
1444,54,35,252082.0,1
1445,15,180,406460.0,1
1446,9,123,310204.0,1
1447,16,27,27034.0,1
1448,11,87,211767.0,1
1449,111,8,26668.0,1
1450,13,104,294597.0,1
1451,40,24,65239.0,1
1452,19,42,48067.0,1
1453,19,123,268579.0,1
1454,75,41,69313.0,1
1455,16,9,20787.0,1
1456,104,12,37517.0,1
1457,17,269,645532.0,0
1458,127,28,57222.0,1
1459,10,26,110761.0,1
1460,10,19,38062.0,1
1461,11,163,343200.0,1
1462,11,63,67259.0,1
1463,17,90,248572.0,1
1464,44,34,76075.0,1
1465,240,17,35902.0,2
1466,45,6,15558.0,1
1467,15,130,286226.0,1
1468,9,23,81766.0,1
1469,12,71,110450.0,1
1470,39,6,14778.0,1
1471,12,60,127255.0,1
1472,264,18,49797.0,2
1473,20,31,18220.0,1
1474,17,21,35912.0,1
1475,257,1,5136.0,2
1476,13,47,129929.0,1
1477,45,6,13498.0,1
1478,6,9,27672.0,1
1479,368,11,23380.0,2
1480,61,38,78478.0,1
1481,50,41,29939.0,1
1482,20,58,106546.0,1
1483,9,118,269098.0,1
1484,23,41,21284.0,1
1485,14,69,452903.0,1
1486,9,533,1145846.0,0
1487,293,8,17560.0,2
1488,296,4,11970.0,2
1489,359,4,8157.0,2
1490,14,75,35113.0,1
1491,75,11,66077.0,1
1492,50,46,50804.0,1
1493,53,56,29008.0,1
1494,27,131,127119.0,1
1495,10,59,164687.0,1
1496,25,14,29451.0,1
1497,299,7,17106.0,2
1498,9,140,213477.0,1
1499,9,191,421159.0,1
1500,10,62,136732.0,1
1501,9,291,556871.0,0
1502,45,5,7542.0,1
1503,3,353,429438.0,0
1504,10,73,59115.0,1
1505,3,95,372035.0,1
1506,146,26,78443.0,1
1507,5,183,640135.0,1
1508,16,26,172065.0,1
1509,9,104,192172.0,1
1510,121,8,17617.0,1
1511,16,75,289254.0,1
1512,14,107,347933.0,1
1513,12,54,259829.0,1
1514,11,285,71297.0,1
1515,48,14,117732.0,1
1516,9,45,115599.0,1
1517,364,23,15742.0,2
1518,41,98,286537.0,1
1519,2,612,726424.0,0
1520,26,14,58676.0,1
1521,4,124,278777.0,1
1522,10,206,129563.0,1
1523,41,30,54767.0,1
1524,61,27,99077.0,1
1525,1,222,567388.0,0
1526,15,3,33816.0,1
1527,26,1,34944.0,1
1528,9,264,494059.0,0
1529,10,17,47024.0,1
1530,8,148,147835.0,1
1531,18,22,45964.0,1
1532,10,382,323693.0,0
1533,28,12,161344.0,1
1534,11,9,15645.0,1
1535,367,5,9228.0,2
1536,109,9,18894.0,1
1537,293,32,293010.0,2
1538,51,55,263435.0,1
1539,2,59,175945.0,1
1540,8,68,182059.0,1
1541,18,98,193153.0,1
1542,1,292,147299.0,0
1543,20,70,145039.0,1
1544,130,20,41384.0,1
1545,10,258,126183.0,1
1546,181,40,60870.0,2
1547,10,109,81945.0,1
1548,11,62,32055.0,1
1549,14,22,13828.0,1
1550,6,974,442142.0,0
1551,18,4,15568.0,1
1552,13,37,221540.0,1
1553,48,17,71583.0,1
1554,149,179,253190.0,1
1555,12,244,239324.0,1
1556,133,6,61795.0,1
1557,16,130,128286.0,1
1558,9,72,280035.0,1
1559,20,90,74019.0,1
1560,20,43,57391.0,1
1561,14,281,251361.0,0
1562,82,7,24418.0,1
1563,50,30,59883.0,1
1564,14,46,110705.0,1
1565,199,19,28023.0,2
1566,20,11,175010.0,1
1567,77,18,38428.0,1
1568,20,13,32480.0,1
1569,135,30,90227.0,1
1570,9,144,287824.0,1
1571,78,10,16961.0,1
1572,52,14,40440.0,1
1573,39,47,19926.0,1
1574,11,145,152194.0,1
1575,10,49,140106.0,1
1576,208,30,62774.0,2
1577,176,17,42777.0,2
1578,8,123,296979.0,1
1579,26,7,19152.0,1
1580,52,6,16136.0,1
1581,48,19,64204.0,1
1582,18,31,58171.0,1
1583,44,193,248906.0,1
1584,17,194,108074.0,1
1585,89,7,42345.0,1
1586,44,12,27165.0,1
1587,9,630,305206.0,0
1588,4,164,452984.0,1
1589,16,107,83233.0,1
1590,15,803,719490.0,0
1591,10,316,237251.0,0
1592,17,98,162433.0,1
1593,11,57,33235.0,1
1594,9,71,166959.0,1
1595,14,23,34334.0,1
1596,200,18,52989.0,2
1597,10,73,139457.0,1
1598,10,101,264900.0,1
1599,37,18,38560.0,1
1600,10,16,35220.0,1
1601,5,4,36978.0,1
1602,11,17,115313.0,1
1603,114,12,40506.0,1
1604,17,203,222070.0,1
1605,12,297,564411.0,0
1606,3,1008,885087.0,0
1607,9,18,54920.0,1
1608,10,229,79035.0,1
1609,11,216,370024.0,1
1610,108,64,113282.0,1
1611,10,63,330088.0,1
1612,3,556,520416.0,0
1613,10,333,367480.0,0
1614,260,19,19192.0,2
1615,58,10,41700.0,1
1616,40,19,45958.0,1
1617,20,32,80631.0,1
1618,48,76,123707.0,1
1619,15,111,178550.0,1
1620,44,5,11411.0,1
1621,5,100,325367.0,1
1622,25,114,276356.0,1
1623,6,417,314697.0,0
1624,4,367,525622.0,0
1625,155,4,72480.0,2
1626,48,56,37940.0,1
1627,20,48,99340.0,1
1628,20,10,24943.0,1
1629,13,58,20448.0,1
1630,9,113,110956.0,1
1631,20,216,306003.0,1
1632,48,21,40579.0,1
1633,10,29,39174.0,1
1634,10,76,278995.0,1
1635,14,69,155530.0,1
1636,4,445,555971.0,0
1637,11,129,385821.0,1
1638,113,4,167200.0,1
1639,42,34,175452.0,1
1640,3,12,28144.0,1
1641,17,28,25610.0,1
1642,6,273,348386.0,0
1643,14,241,187135.0,1
1644,587,1,4392.0,2
1645,20,123,105074.0,1
1646,4,24,32711.0,1
1647,21,17,21507.0,1
1648,100,6,15354.0,1
1649,6,330,142588.0,0
1650,14,101,123354.0,1
1651,51,29,20956.0,1
1652,17,27,28338.0,1
1653,14,384,197528.0,0
1654,403,3,4386.0,2
1655,15,197,206573.0,1
1656,9,164,77649.0,1
1657,22,152,79154.0,1
1658,8,53,46017.0,1
1659,10,102,226026.0,1
1660,20,55,116019.0,1
1661,50,50,31473.0,1
1662,48,25,45334.0,1
1663,20,7,27996.0,1
1664,47,2,74400.0,1
1665,2,2779,1456355.0,0
1666,20,80,1453178.0,1
1667,5,20,205119.0,1
1668,149,3,204930.0,2
1669,170,3,43984.0,2
1670,20,17,67332.0,1
1671,16,22,44495.0,1
1672,47,30,50633.0,1
1673,2,96,234223.0,1
1674,14,21,38409.0,1
1675,9,134,107347.0,1
1676,60,13,29593.0,1
1677,136,57,101211.0,1
1678,10,126,340774.0,1
1679,48,5,-2353.0,1
1680,16,24,78302.0,1
1681,5,153,114352.0,1
1682,52,41,127888.0,1
1683,264,8,16714.0,2
1684,267,20,39890.0,2
1685,9,28,75005.0,1
1686,51,16,53641.0,1
1687,12,175,365394.0,1
1688,10,113,242480.0,1
1689,23,7,16182.0,1
1690,63,2,9908.0,1
1691,173,34,105934.0,2
1692,10,29,89714.0,1
1693,13,30,77363.0,1
1694,3,2053,35536194.0,4
1695,203,30,27552.0,2
1696,5,199,191337.0,1
1697,10,102,83133.0,1
1698,81,29,13846.0,1
1699,2,236,246076.0,1
1700,7,50,252319.0,1
1701,47,80,35462.0,1
1702,13,127,106397.0,1
1703,6,29,26782.0,1
1704,9,259,303005.0,1
1705,87,30,41033.0,1
1706,27,4,12447.0,1
1707,9,168,107056.0,1
1708,9,99,86035.0,1
1709,10,117,147233.0,1
1710,25,13,26097.0,1
1711,9,575,1179769.0,0
1712,19,170,168178.0,1
1713,17,132,56488.0,1
1714,19,61,100905.0,1
1715,4,74,226239.0,1
1716,20,102,79289.0,1
1717,32,44,379844.0,1
1718,372,1,-315.0,2
1719,11,314,3423657.0,0
1720,216,7,53090.0,2
1721,105,2,9472.0,1
1722,15,421,165839.0,0
1723,111,15,81994.0,1
1724,8,358,684289.0,0
1725,209,13,15043.0,2
1726,13,54,44825.0,1
1727,9,71,246838.0,1
1728,142,69,73629.0,1
1729,265,8,18819.0,2
1730,5,133,302655.0,1
1731,15,22,30584.0,1
1732,2,210,156588.0,1
1733,76,8,14899.0,1
1734,9,115,292277.0,1
1735,16,350,294095.0,0
1736,2,348,404083.0,0
1737,20,22,39919.0,1
1738,20,414,207627.0,0
1739,258,1,25300.0,2
1740,3,29,134183.0,1
1741,9,197,611321.0,1
1742,10,139,79226.0,1
1743,11,359,330237.0,0
1744,31,25,107659.0,1
1745,9,341,341471.0,0
1746,26,10,20408.0,1
1747,26,71,116581.0,1
1748,50,55,69040.0,1
1749,2,238,213175.0,1
1750,7,37,77497.0,1
1751,148,29,23305.0,2
1752,9,277,149254.0,1
1753,25,52,104020.0,1
1754,17,10,30342.0,1
1755,403,71,41251.0,2
1756,2,501,258769.0,0
1757,15,45,51641.0,1
1758,9,149,349768.0,1
1759,18,216,1130843.0,0
1760,5,204,692945.0,0
1761,8,17,136049.0,1
1762,40,56,158793.0,1
1763,5,61,586519.0,1
1764,44,93,177128.0,1
1765,20,59,184082.0,1
1766,21,28,139752.0,1
1767,14,70,165543.0,1
1768,16,19,33388.0,1
1769,9,91,189961.0,1
1770,50,5,48988.0,1
1771,88,30,66570.0,1
1772,50,41,86032.0,1
1773,19,237,609602.0,0
1774,20,38,98671.0,1
1775,81,19,48678.0,1
1776,137,71,171479.0,1
1777,5,102,190759.0,1
1778,297,7,6498.0,2
1779,19,11,31906.0,1
1780,264,21,42948.0,2
1781,51,7,29355.0,1
1782,9,39,32587.0,1
1783,15,137,306670.0,1
1784,21,6,17512.0,1
1785,3,1093,1445095.0,0
1786,234,52,112967.0,2
1787,114,9,18474.0,1
1788,59,60,168226.0,1
1789,15,134,347155.0,1
1790,191,3,-2451.0,2
1791,12,35,91192.0,1
1792,17,41,43206.0,1
1793,55,27,59968.0,1
1794,293,6,21854.0,2
1795,27,15,44303.0,1
1796,22,3,12216.0,1
1797,8,30,83272.0,1
1798,30,6,26712.0,1
1799,9,46,111524.0,1
1800,40,4,-49.0,1
1801,22,15,25480.0,1
1802,3,82,161323.0,1
1803,173,6,14052.0,2
1804,2,1164,1095514.0,0
1805,54,12,24504.0,1
1806,52,13,22090.0,1
1807,19,392,595883.0,0
1808,10,59,29522.0,1
1809,17,44,107256.0,1
1810,38,12,42045.0,1
1811,20,47,61855.0,1
1812,82,11,35983.0,1
1813,13,254,343898.0,1
1814,18,255,258425.0,1
1815,370,30,18153.0,2
1816,10,53,114256.0,1
1817,205,4,27391.0,2
1818,17,63,139899.0,1
1819,81,48,81716.0,1
1820,66,13,34354.0,1
1821,23,29,64970.0,1
1822,369,2,5468.0,2
1823,136,70,36502.0,1
1824,9,29,145640.0,1
1825,5,121,270697.0,1
1826,110,16,273640.0,1
1827,14,45,84396.0,1
1828,54,39,27858.0,1
1829,10,70,212747.0,1
1830,9,6,12428.0,1
1831,11,110,232645.0,1
1832,268,4,7944.0,2
1833,10,138,421070.0,1
1834,9,157,328894.0,1
1835,10,130,407812.0,1
1836,149,13,38098.0,2
1837,9,392,1067830.0,0
1838,48,22,46346.0,1
1839,25,28,70133.0,1
1840,11,143,373013.0,1
1841,25,10,50401.0,1
1842,17,130,372051.0,1
1843,120,20,79087.0,1
1844,37,66,166372.0,1
1845,10,61,140182.0,1
1846,20,59,164108.0,1
1847,20,12,25886.0,1
1848,54,6,20682.0,1
1849,26,48,115916.0,1
1850,9,11,32664.0,1
1851,283,4,14376.0,2
1852,10,99,1665383.0,0
1853,15,37,84926.0,1
1854,4,147,368314.0,1
1855,8,72,101000.0,1
1856,264,13,38863.0,2
1857,4,98,60948.0,1
1858,211,28,61344.0,2
1859,111,49,172058.0,1
1860,20,124,182933.0,1
1861,14,47,89447.0,1
1862,20,17,37892.0,1
1863,27,11,68888.0,1
1864,21,54,117271.0,1
1865,73,15,127664.0,1
1866,46,18,44708.0,1
1867,81,6,227500.0,1
1868,209,20,45946.0,2
1869,19,10,19230.0,1
1870,107,7,14797.0,1
1871,14,33,81711.0,1
1872,20,73,165351.0,1
1873,86,23,78571.0,1
1874,8,506,1341649.0,0
1875,206,43,62817.0,2
1876,8,55,157640.0,1
1877,18,119,176957.0,1
1878,9,98,168982.0,1
1879,23,24,44446.0,1
1880,12,364,355128.0,0
1881,3,69,205535.0,1
1882,74,18,71935.0,1
1883,4,168,426618.0,1
1884,82,9,33220.0,1
1885,5,35,46789.0,1
1886,2,5874,17743855.0,3
1887,16,28,134597.0,1
1888,9,87,203156.0,1
1889,47,13,31421.0,1
1890,11,79,182965.0,1
1891,43,45,200035.0,1
1892,15,57,127024.0,1
1893,9,78,184820.0,1
1894,51,44,100311.0,1
1895,16,10,35083.0,1
1896,9,11,30142.0,1
1897,17,128,299868.0,1
1898,5,40,116239.0,1
1899,366,17,40694.0,2
1900,17,88,242572.0,1
1901,298,10,237285.0,2
1902,9,366,1013832.0,0
1903,42,35,181857.0,1
1904,9,172,713542.0,1
1905,283,3,11822.0,2
1906,73,14,37871.0,1
1907,11,64,143507.0,1
1908,20,20,42862.0,1
1909,81,20,44123.0,1
1910,10,149,960858.0,1
1911,26,55,39827.0,1
1912,20,85,40285.0,1
1913,77,12,8192.0,1
1914,14,42,55050.0,1
1915,15,61,91303.0,1
1916,38,27,35091.0,1
1917,11,317,886168.0,0
1918,275,5,14892.0,2
1919,9,198,197688.0,1
1920,16,13,30522.0,1
1921,11,83,77772.0,1
1922,20,38,28734.0,1
1923,50,6,51724.0,1
1924,9,37,20005.0,1
1925,10,34,170536.0,1
1926,9,160,141602.0,1
1927,12,18,12656.0,1
1928,111,32,145021.0,1
1929,9,21,13343.0,1
1930,58,11,44453.0,1
1931,17,71,85994.0,1
1932,81,216,221921.0,1
1933,16,8,14037.0,1
1934,20,41,24536.0,1
1935,203,87,44037.0,2
1936,252,4,39520.0,2
1937,212,40,38888.0,2
1938,17,61,28207.0,1
1939,53,27,97128.0,1
1940,174,75,57030.0,2
1941,50,77,61836.0,1
1942,19,115,207117.0,1
1943,148,157,154257.0,1
1944,9,1159,828830.0,0
1945,52,143,64325.0,1
1946,13,12,19567.0,1
1947,20,182,156327.0,1
1948,9,20,41673.0,1
1949,54,128,53611.0,1
1950,50,35,31470.0,1
1951,173,20,20341.0,2
1952,9,20,16507.0,1
1953,39,32,52887.0,1
1954,267,70,34324.0,2
1955,13,479,230504.0,0
1956,20,135,117642.0,1
1957,4,561,818260.0,0
1958,9,155,214095.0,1
1959,9,72,47060.0,1
1960,17,60,57100.0,1
1961,35,37,124118.0,1
1962,50,48,83653.0,1
1963,163,7,67824.0,2
1964,5,111,89927.0,1
1965,169,52,640764.0,2
1966,5,512,338893.0,0
1967,9,400,564893.0,0
1968,11,27,41792.0,1
1969,81,127,64809.0,1
1970,10,133,75579.0,1
1971,9,1508,2447919.0,0
1972,173,67,23409.0,2
1973,204,5,14862.0,2
1974,9,3,69200.0,1
1975,18,461,906963.0,0
1976,13,12,79400.0,1
1977,9,205,691786.0,0
1978,270,22,47916.0,2
1979,10,98,47783.0,1
1980,17,3,16431.0,1
1981,26,80,227850.0,1
1982,24,143,187430.0,1
1983,293,30,25828.0,2
1984,5,71,128920.0,1
1985,20,114,40923.0,1
1986,17,25,183502.0,1
1987,12,276,272777.0,0
1988,15,239,162277.0,1
1989,38,120,44703.0,1
1990,5,402,5920539.0,5
1991,15,57,142597.0,1
1992,15,5,38566.0,1
1993,9,158,382850.0,1
1994,9,53,88980.0,1
1995,17,82,221706.0,1
1996,50,104,72328.0,1
1997,180,70,132737.0,2
1998,464,1,12024.0,2
1999,11,26,107303.0,1
2000,14,76,73437.0,1
2001,111,42,93575.0,1
2002,81,27,101787.0,1
2003,173,49,114768.0,2
2004,8,451,1230876.0,0
2005,15,48,106611.0,1
2006,10,35,56409.0,1
2007,230,5,11792.0,2
2008,17,15,61264.0,1
2009,10,60,138350.0,1
2010,11,145,316242.0,1
2011,18,23,49854.0,1
2012,10,31,66112.0,1
2013,15,26,51421.0,1
2014,19,111,660568.0,1
2015,14,49,194785.0,1
2016,50,11,25253.0,1
2017,5,25,31944.0,1
2018,183,2,95933.0,2
2019,85,23,63861.0,1
2020,49,5,81794.0,1
2021,130,9,35809.0,1
2022,9,35,84481.0,1
2023,17,71,127985.0,1
2024,10,101,290909.0,1
2025,10,102,196342.0,1
2026,49,19,34245.0,1
2027,14,58,140484.0,1
2028,16,31,52989.0,1
2029,12,40,107838.0,1
2030,9,84,192510.0,1
2031,27,99,479590.0,1
2032,9,197,441490.0,1
2033,20,21,40498.0,1
2034,21,45,167741.0,1
2035,12,80,243860.0,1
2036,16,14,30596.0,1
2037,134,22,48376.0,1
2038,51,28,58497.0,1
2039,95,87,200365.0,1
2040,8,106,283757.0,1
2041,23,15,29692.0,1
2042,27,139,1417904.0,0
2043,10,16,53359.0,1
2044,10,110,207566.0,1
2045,12,84,427231.0,1
2046,173,22,39328.0,2
2047,26,52,129380.0,1
2048,73,29,125874.0,1
2049,9,73,187540.0,1
2050,241,10,14801.0,2
2051,4,69,167084.0,1
2052,49,13,27166.0,1
2053,53,81,324683.0,1
2054,50,26,71144.0,1
2055,137,14,32266.0,1
2056,11,218,804574.0,0
2057,16,67,154054.0,1
2058,135,95,197608.0,1
2059,106,29,77222.0,1
2060,20,20,36985.0,1
2061,134,23,57265.0,1
2062,9,344,731403.0,0
2063,9,278,601924.0,0
2064,9,22,41338.0,1
2065,81,92,28683.0,1
2066,3,55,125270.0,1
2067,4,132,300532.0,1
2068,50,7,51942.0,1
2069,4,720,2440215.0,0
2070,360,4,18108.0,2
2071,20,29,38187.0,1
2072,10,103,101362.0,1
2073,403,27,56256.0,2
2074,321,41,20384.0,2
2075,32,5,11940.0,1
2076,335,5,142420.0,2
2077,38,110,238890.0,1
2078,323,11,21408.0,2
2079,81,23,40918.0,1
2080,265,3,6010.0,2
2081,20,95,320112.0,1
2082,369,6,10863.0,2
2083,10,17,90984.0,1
2084,13,29,75781.0,1
2085,9,63,50620.0,1
2086,71,21,57750.0,1
2087,20,19,49221.0,1
2088,5,92,552884.0,1
2089,3,231,1880310.0,0
2090,44,51,152555.0,1
2091,10,19,58743.0,1
2092,4,326,1051522.0,0
2093,20,35,132168.0,1
2094,41,10,25048.0,1
2095,11,13,137620.0,1
2096,12,96,155752.0,1
2097,26,142,274224.0,1
2098,359,9,49972.0,2
2099,12,37,85857.0,1
2100,72,9,47454.0,1
2101,2,43,102165.0,1
2102,137,20,43800.0,1
2103,10,52,101157.0,1
2104,241,7,11150.0,2
2105,324,25,49607.0,2
2106,2,110,225525.0,1
2107,11,43,71273.0,1
2108,93,2,11076.0,1
2109,15,166,759560.0,1
2110,177,9,32461.0,2
2111,17,119,251353.0,1
2112,368,10,29830.0,2
2113,262,5,75720.0,2
2114,16,31,58238.0,1
2115,360,16,38446.0,2
2116,235,23,51112.0,2
2117,18,8,17941.0,1
2118,9,58,154037.0,1
2119,10,126,464819.0,1
2120,241,23,63678.0,2
2121,114,31,91496.0,1
2122,17,14,31338.0,1
2123,15,143,291750.0,1
2124,299,15,45703.0,2
2125,2,99,196073.0,1
2126,11,52,142637.0,1
2127,58,52,104417.0,1
2128,44,83,229414.0,1
2129,10,111,272369.0,1
2130,82,22,41500.0,1
2131,10,34,79134.0,1
2132,14,89,339225.0,1
2133,239,33,65006.0,2
2134,12,6,43088.0,1
2135,9,358,836961.0,0
2136,11,121,1355096.0,0
2137,9,44,99580.0,1
2138,20,55,134430.0,1
2139,12,18,45303.0,1
2140,10,47,115487.0,1
2141,149,6,11513.0,2
2142,47,8,25244.0,1
2143,15,34,69124.0,1
2144,44,78,218736.0,1
2145,142,19,38316.0,1
2146,324,10,21688.0,2
2147,112,12,20580.0,1
2148,40,23,53042.0,1
2149,13,82,184196.0,1
2150,49,6,12736.0,1
2151,29,11,206936.0,1
2152,24,2,43306.0,1
2153,18,48,297226.0,1
2154,9,275,312522.0,0
2155,58,63,90357.0,1
2156,5,47,104517.0,1
2157,9,42,83635.0,1
2158,10,52,17100.0,1
2159,50,12,38679.0,1
2160,355,21,41329.0,2
2161,173,16,17533.0,2
2162,19,150,289931.0,1
2163,52,3,25542.0,1
2164,23,21,70789.0,1
2165,13,88,267623.0,1
2166,16,59,145941.0,1
2167,5,212,1031503.0,0
2168,9,108,551846.0,1
2169,203,25,21961.0,2
2170,14,200,452282.0,1
2171,20,41,77878.0,1
2172,3,192,525877.0,1
2173,40,7,243469.0,1
2174,10,28,64828.0,1
2175,14,247,648034.0,0
2176,261,31,68949.0,2
2177,17,26,72815.0,1
2178,10,58,158855.0,1
2179,11,12,22403.0,1
2180,47,21,39251.0,1
2181,1,2489,7966054.0,5
2182,15,48,113740.0,1
2183,111,1,6800.0,1
2184,203,24,46634.0,2
2185,10,38,96854.0,1
2186,327,1,26300.0,2
2187,4,33,69752.0,1
2188,47,16,29493.0,1
2189,50,36,43453.0,1
2190,51,106,323099.0,1
2191,65,49,80593.0,1
2192,111,49,27496.0,1
2193,19,29,54538.0,1
2194,53,10,27119.0,1
2195,37,61,124223.0,1
2196,10,13,110944.0,1
2197,370,35,202432.0,2
2198,209,16,122592.0,2
2199,13,98,49240.0,1
2200,54,36,20656.0,1
2201,10,88,77212.0,1
2202,81,17,247144.0,1
2203,42,26,53908.0,1
2204,88,21,40730.0,1
2205,7,32,52778.0,1
2206,36,23,40516.0,1
2207,19,17,31193.0,1
2208,371,5,29064.0,2
2209,163,9,20400.0,2
2210,13,72,62239.0,1
2211,526,5,14670.0,2
2212,9,233,223543.0,1
2213,107,63,95772.0,1
2214,30,14,30164.0,1
2215,9,519,356880.0,0
2216,5,561,1183977.0,0
2217,70,13,51670.0,1
2218,362,7,62856.0,2
2219,242,17,42194.0,2
2220,11,29,112334.0,1
2221,10,149,207044.0,1
2222,81,44,85528.0,1
2223,16,96,235755.0,1
2224,22,4,52590.0,1
2225,66,95,282435.0,1
2226,142,27,323508.0,1
2227,20,137,245662.0,1
2228,73,3,17754.0,1
2229,45,117,156727.0,1
2230,17,196,474067.0,1
2231,52,37,189038.0,1
2232,220,8,69639.0,2
2233,14,306,794296.0,0
2234,173,43,86703.0,2
2235,50,12,42184.0,1
2236,14,31,58259.0,1
2237,271,10,17052.0,2
2238,181,1,61600.0,2
2239,6,85,210873.0,1
2240,20,12,32352.0,1
2241,69,85,257398.0,1
2242,326,7,11703.0,2
2243,113,14,35212.0,1
2244,261,6,10554.0,2
2245,20,74,170624.0,1
2246,2,50,112756.0,1
2247,12,13,83674.0,1
2248,150,41,100352.0,2
2249,75,8,47675.0,1
2250,18,58,54490.0,1
2251,9,153,139261.0,1
2252,265,34,33300.0,2
2253,12,122,406604.0,1
2254,12,100,161750.0,1
2255,173,10,25753.0,2
2256,9,39,95922.0,1
2257,109,48,82235.0,1
2258,10,193,505719.0,1
2259,86,28,66466.0,1
2260,25,8,22032.0,1
2261,15,53,123053.0,1
2262,328,6,12466.0,2
2263,284,2,11010.0,2
2264,107,17,52658.0,1
2265,9,300,173122.0,0
2266,9,306,205931.0,0
2267,21,6,17184.0,1
2268,27,83,58852.0,1
2269,24,10,20764.0,1
2270,15,53,65585.0,1
2271,33,59,133825.0,1
2272,23,29,17200.0,1
2273,20,329,143512.0,0
2274,264,45,24069.0,2
2275,73,25,18738.0,1
2276,55,62,47785.0,1
2277,169,2,68880.0,2
2278,2,385,398514.0,0
2279,50,219,181903.0,1
2280,267,5,14178.0,2
2281,331,9,20334.0,2
2282,79,28,62108.0,1
2283,14,62,134637.0,1
2284,9,30,57288.0,1
2285,9,58,67546.0,1
2286,2,286,181786.0,0
2287,363,25,21555.0,2
2288,47,60,70556.0,1
2289,264,58,31093.0,2
2290,26,7,20568.0,1
2291,355,58,25490.0,2
2292,11,11,30704.0,1
2293,32,7,16688.0,1
2294,19,157,121930.0,1
2295,17,103,756444.0,1
2296,86,57,46159.0,1
2297,13,53,66295.0,1
2298,51,29,49315.0,1
2299,12,27,56193.0,1
2300,3,77,60284.0,1
2301,114,76,49529.0,1
2302,30,11,223736.0,1
2303,81,29,61131.0,1
2304,50,46,173937.0,1
2305,117,45,106810.0,1
2306,9,106,1266152.0,1
2307,43,88,41207.0,1
2308,2,189,518257.0,1
2309,9,86,323168.0,1
2310,102,2,10728.0,1
2311,25,55,139519.0,1
2312,15,155,390362.0,1
2313,9,35,95370.0,1
2314,9,299,224476.0,0
2315,12,125,189528.0,1
2316,22,16,158300.0,1
2317,3,519,1604760.0,0
2318,20,68,142643.0,1
2319,9,241,842554.0,0
2320,363,70,18190.0,2
2321,82,13,6892.0,1
2322,12,98,490634.0,1
2323,23,164,142793.0,1
2324,173,46,57368.0,2
2325,14,92,124658.0,1
2326,333,1,25082.0,2
2327,20,160,106323.0,1
2328,157,7,16342.0,2
2329,9,313,1764683.0,0
2330,9,216,472737.0,1
2331,50,15,7921.0,1
2332,234,27,41934.0,2
2333,10,219,256845.0,1
2334,2,18,50286.0,1
2335,11,198,361867.0,1
2336,9,57,76204.0,1
2337,85,10,47020.0,1
2338,25,1,44112.0,1
2339,3,179,100713.0,1
2340,36,4,15938.0,1
2341,14,165,291298.0,1
2342,107,26,31213.0,1
2343,10,673,577045.0,0
2344,16,108,195167.0,1
2345,9,228,251913.0,1
2346,26,262,176773.0,1
2347,11,86,87396.0,1
2348,174,78,53983.0,2
2349,104,24,12304.0,1
2350,8,41,75117.0,1
2351,20,15,33451.0,1
2352,115,29,11195.0,1
2353,200,28,16815.0,2
2354,9,261,501802.0,0
2355,55,81,36147.0,1
2356,8,702,685901.0,0
2357,13,115,192709.0,1
2358,5,61,71404.0,1
2359,9,29,55464.0,1
2360,15,17,11419.0,1
2361,10,56,70597.0,1
2362,47,14,25982.0,1
2363,9,922,695665.0,0
2364,25,31,40596.0,1
2365,9,20,57580.0,1
2366,11,31,85864.0,1
2367,357,1,14742.0,2
2368,23,114,209842.0,1
2369,53,8,21018.0,1
2370,20,7,28303.0,1
2371,3,53,97695.0,1
2372,73,31,182235.0,1
2373,9,330,514048.0,0
2374,9,57,78096.0,1
2375,5,215,318817.0,1
2376,9,103,72413.0,1
2377,178,168,85977.0,2
2378,9,45,113185.0,1
2379,13,39,30638.0,1
2380,74,13,14765.0,1
2381,40,51,40660.0,1
2382,13,146,87878.0,1
2383,15,44,91714.0,1
2384,24,125,89482.0,1
2385,177,31,61487.0,2
2386,56,9,109452.0,1
2387,18,30,55305.0,1
2388,50,24,57286.0,1
2389,101,5,24156.0,1
2390,11,104,228957.0,1
2391,15,84,161146.0,1
2392,9,23,44097.0,1
2393,54,16,31718.0,1
2394,28,52,108378.0,1
2395,12,414,925902.0,0
2396,9,52,167165.0,1
2397,87,2,8160.0,1
2398,53,17,29769.0,1
2399,11,67,144739.0,1
2400,10,91,287658.0,1
2401,19,13,18096.0,1
2402,10,60,145080.0,1
2403,14,18,34600.0,1
2404,53,6,15752.0,1
2405,23,43,186600.0,1
2406,63,6,21939.0,1
2407,9,429,1307135.0,0
2408,9,48,95866.0,1
2409,130,3,41200.0,1
2410,15,104,205111.0,1
2411,5,18,138458.0,1
2412,5,214,398393.0,1
2413,142,19,35918.0,1
2414,117,34,72195.0,1
2415,73,68,206702.0,1
2416,81,49,112418.0,1
2417,5,157,377345.0,1
2418,50,61,157207.0,1
2419,10,177,423897.0,1
2420,20,15,28891.0,1
2421,11,25,90636.0,1
2422,53,15,30040.0,1
2423,307,2,-10680.0,2
2424,142,25,57991.0,1
2425,5,495,1552745.0,0
2426,17,119,270975.0,1
2427,17,36,74329.0,1
2428,169,238,108545.0,2
2429,20,51,73419.0,1
2430,13,36,59211.0,1
2431,169,27,69374.0,2
2432,49,2,88440.0,1
2433,9,32,86186.0,1
2434,11,21,43839.0,1
2435,94,6,155976.0,1
2436,29,21,114576.0,1
2437,16,37,68935.0,1
2438,45,47,93001.0,1
2439,26,1,5160.0,1
2440,18,56,105920.0,1
2441,51,11,35815.0,1
2442,27,94,200814.0,1
2443,80,5,45748.0,1
2444,114,9,20422.0,1
2445,51,19,43417.0,1
2446,16,116,303601.0,1
2447,70,13,39048.0,1
2448,220,1,13968.0,2
2449,100,35,85208.0,1
2450,297,12,21026.0,2
2451,11,81,334548.0,1
2452,13,155,367569.0,1
2453,15,133,237867.0,1
2454,13,21,58733.0,1
2455,9,216,451567.0,1
2456,50,33,84261.0,1
2457,53,12,46356.0,1
2458,9,110,142836.0,1
2459,50,78,182134.0,1
2460,9,67,118456.0,1
2461,119,10,26987.0,1
2462,10,168,361204.0,1
2463,121,9,29186.0,1
2464,5,19,40776.0,1
2465,107,2,15372.0,1
2466,9,12,26994.0,1
2467,1,78,719118.0,1
2468,267,22,51802.0,2
2469,9,177,311700.0,1
2470,21,18,37754.0,1
2471,174,89,82501.0,2
2472,3,237,200480.0,1
2473,266,5,24768.0,2
2474,14,117,280591.0,1
2475,203,6,18864.0,2
2476,10,59,111470.0,1
2477,9,214,124914.0,1
2478,45,297,396965.0,0
2479,139,6,20033.0,1
2480,14,53,127475.0,1
2481,144,20,40232.0,1
2482,20,35,41596.0,1
2483,146,118,158934.0,1
2484,239,7,19030.0,2
2485,9,937,643420.0,0
2486,25,128,75094.0,1
2487,20,91,66637.0,1
2488,9,72,257542.0,1
2489,365,41,24292.0,2
2490,108,12,25560.0,1
2491,20,32,52646.0,1
2492,16,302,677311.0,0
2493,52,4,-14575.0,1
2494,205,6,7980.0,2
2495,40,73,148745.0,1
2496,214,14,40426.0,2
2497,17,10,18424.0,1
2498,115,26,152639.0,1
2499,14,81,143854.0,1
2500,10,176,620479.0,1
2501,40,8,59680.0,1
2502,51,9,23444.0,1
2503,9,88,88210.0,1
2504,85,3,5376.0,1
2505,9,65,125747.0,1
2506,142,29,23791.0,1
2507,12,93,121126.0,1
2508,50,21,17550.0,1
2509,3,295,331826.0,0
2510,11,412,365592.0,0
2511,18,1,13968.0,1
2512,51,29,55293.0,1
2513,3,149,305274.0,1
2514,10,192,64540.0,1
2515,10,45,95684.0,1
2516,26,9,22333.0,1
2517,220,7,28544.0,2
2518,10,37,70712.0,1
2519,9,63,117683.0,1
2520,12,188,418511.0,1
2521,10,11,39472.0,1
2522,116,27,77629.0,1
2523,10,117,5044512.0,0
2524,7,10,73949.0,1
2525,10,25,31453.0,1
2526,46,7,14120.0,1
2527,134,18,32798.0,1
2528,243,22,120164.0,2
2529,14,29,58423.0,1
2530,18,21,42315.0,1
2531,11,44,301242.0,1
2532,20,14,40134.0,1
2533,9,87,311225.0,1
2534,50,280,663374.0,0
2535,10,206,123233.0,1
2536,359,25,57864.0,2
2537,20,35,26199.0,1
2538,51,76,194369.0,1
2539,21,13,117993.0,1
2540,150,42,86463.0,2
2541,2,134,310503.0,1
2542,18,7,251328.0,1
2543,14,98,137562.0,1
2544,16,119,87156.0,1
2545,10,69,131835.0,1
2546,52,8,63054.0,1
2547,2,273,540270.0,0
2548,10,307,713169.0,0
2549,17,31,110694.0,1
2550,51,48,107534.0,1
2551,18,210,436757.0,1
2552,9,43,54787.0,1
2553,81,112,152946.0,1
2554,22,139,265224.0,1
2555,13,41,215951.0,1
2556,208,40,164199.0,2
2557,9,74,234402.0,1
2558,10,49,318572.0,1
2559,17,123,256264.0,1
2560,293,17,25874.0,2
2561,10,62,67494.0,1
2562,4,33,109130.0,1
2563,19,12,-50372.0,1
2564,173,20,64792.0,2
2565,55,69,216614.0,1
2566,15,133,205765.0,1
2567,41,51,106086.0,1
2568,9,41,72753.0,1
2569,12,69,135280.0,1
2570,107,54,106292.0,1
2571,17,274,271814.0,0
2572,50,50,117711.0,1
2573,51,12,12748.0,1
2574,10,24,47824.0,1
2575,10,161,3243332.0,0
2576,9,65,137140.0,1
2577,59,28,55309.0,1
2578,15,50,168376.0,1
2579,18,8,13631.0,1
2580,50,11,21384.0,1
2581,19,140,460112.0,1
2582,39,22,49990.0,1
2583,20,97,39319.0,1
2584,190,22,19122.0,2
2585,52,30,18697.0,1
2586,5,140,354165.0,1
2587,14,80,96442.0,1
2588,5,652,2139358.0,0
2589,21,14,47738.0,1
2590,10,191,202556.0,1
2591,11,141,121247.0,1
2592,20,546,446593.0,0
2593,38,147,111079.0,1
2594,26,18,7833.0,1
2595,11,23,270114.0,1
2596,15,40,104608.0,1
2597,102,45,28855.0,1
2598,6,461,481769.0,0
2599,17,15,23647.0,1
2600,9,76,53659.0,1
2601,20,128,48652.0,1
2602,10,137,562737.0,1
2603,2,130,67674.0,1
2604,370,106,43307.0,2
2605,79,32,51641.0,1
2606,204,23,61366.0,2
2607,3,49,50777.0,1
2608,11,16,40134.0,1
2609,10,12,25046.0,1
2610,82,12,16884.0,1
2611,13,91,52340.0,1
2612,168,61,76084.0,2
2613,77,40,33100.0,1
2614,150,11,22317.0,2
2615,136,24,30997.0,1
2616,2,87,167780.0,1
2617,369,4,8037.0,2
2618,24,51,46465.0,1
2619,13,114,57860.0,1
2620,9,75,605585.0,1
2621,38,30,21842.0,1
2622,10,151,178345.0,1
2623,4,248,121689.0,1
2624,174,7,21188.0,2
2625,1,267,173554.0,1
2626,179,19,32958.0,2
2627,9,160,189204.0,1
2628,16,12,13716.0,1
2629,44,40,40332.0,1
2630,20,143,90570.0,1
2631,13,58,21906.0,1
2632,173,25,41978.0,2
2633,403,12,43694.0,2
2634,373,21,21015.0,2
2635,167,12,24747.0,2
2636,10,21,49673.0,1
2637,5,119,372260.0,1
2638,22,74,159253.0,1
2639,240,11,17226.0,2
2640,40,7,17513.0,1
2641,117,18,51188.0,1
2642,16,77,848097.0,1
2643,262,1,3708.0,2
2644,134,14,45716.0,1
2645,78,6,35718.0,1
2646,367,2,19784.0,2
2647,83,29,217510.0,1
2648,38,60,124346.0,1
2649,24,19,48880.0,1
2650,6,103,206209.0,1
2651,3,43,85894.0,1
2652,9,91,102097.0,1
2653,10,103,210559.0,1
2654,10,185,550667.0,1
2655,9,42,53182.0,1
2656,82,7,12342.0,1
2657,20,28,62196.0,1
2658,9,122,106920.0,1
2659,24,84,52201.0,1
2660,3,21,63546.0,1
2661,18,11,37072.0,1
2662,22,34,499878.0,1
2663,242,5,35737.0,2
2664,11,177,450968.0,1
2665,85,24,50685.0,1
2666,15,98,57370.0,1
2667,20,65,159927.0,1
2668,81,49,162358.0,1
2669,90,43,325058.0,1
2670,26,97,445292.0,1
2671,23,113,198502.0,1
2672,3,275,387237.0,0
2673,12,37,164242.0,1
2674,31,14,29944.0,1
2675,20,140,217497.0,1
2676,20,27,25210.0,1
2677,50,52,100890.0,1
2678,7,3,5044.0,1
2679,9,559,371808.0,0
2680,55,35,51379.0,1
2681,89,131,121921.0,1
2682,9,509,413555.0,0
2683,9,103,328544.0,1
2684,14,218,75929.0,1
2685,212,8,16049.0,2
2686,10,385,234201.0,0
2687,24,33,62454.0,1
2688,9,90,116827.0,1
2689,16,86,50154.0,1
2690,9,212,440700.0,1
2691,9,94,180078.0,1
2692,5,136,3035863.0,0
2693,13,148,78024.0,1
2694,4,183,113873.0,1
2695,4,237,179860.0,1
2696,50,32,26458.0,1
2697,100,28,51509.0,1
2698,4,164,445913.0,1
2699,10,46,111136.0,1
2700,264,76,75982.0,2
2701,50,101,91172.0,1
2702,20,62,47878.0,1
2703,30,28,61750.0,1
2704,50,32,34846.0,1
2705,18,16,147223.0,1
2706,10,226,5754682.0,5
2707,18,29,44172.0,1
2708,11,100,75550.0,1
2709,6,1152,1044599.0,0
2710,19,22,57229.0,1
2711,88,55,113622.0,1
2712,18,39,109698.0,1
2713,130,28,59242.0,1
2714,10,65,164893.0,1
2715,33,5,245476.0,1
2716,23,75,151874.0,1
2717,16,39,101691.0,1
2718,16,83,180043.0,1
2719,90,9,31384.0,1
2720,50,312,145860.0,0
2721,175,10,26358.0,2
2722,55,34,50292.0,1
2723,9,84,230547.0,1
2724,146,70,95153.0,1
2725,45,8,14489.0,1
2726,50,68,81782.0,1
2727,7,134,258136.0,1
2728,10,180,176559.0,1
2729,277,1,-3069.0,2
2730,99,64,161666.0,1
2731,264,23,46572.0,2
2732,366,74,47133.0,2
2733,9,102,200773.0,1
2734,9,33,105656.0,1
2735,51,21,43912.0,1
2736,200,23,66708.0,2
2737,299,2,12744.0,2
2738,4,131,287897.0,1
2739,200,1,9376.0,2
2740,21,21,169431.0,1
2741,82,11,21520.0,1
2742,14,227,349151.0,1
2743,72,31,175602.0,1
2744,300,38,54832.0,2
2745,25,167,131409.0,1
2746,11,40,140110.0,1
2747,43,18,39579.0,1
2748,107,53,111718.0,1
2749,116,1,2100.0,1
2750,9,67,138643.0,1
2751,265,12,38200.0,2
2752,241,10,23935.0,2
2753,12,67,223635.0,1
2754,52,39,95948.0,1
2755,54,83,164172.0,1
2756,12,57,227112.0,1
2757,13,48,171170.0,1
2758,10,29,37344.0,1
2759,16,13,54198.0,1
2760,40,6,14724.0,1
2761,11,31,371084.0,1
2762,85,49,115194.0,1
2763,15,18,98340.0,1
2764,48,354,170786.0,0
2765,19,16,58218.0,1
2766,44,30,23673.0,1
2767,175,8,15784.0,2
2768,15,284,217121.0,0
2769,209,35,71521.0,2
2770,14,30,30389.0,1
2771,69,16,55740.0,1
2772,10,32,176695.0,1
2773,15,212,114088.0,1
2774,113,38,126900.0,1
2775,53,16,41074.0,1
2776,232,16,20410.0,2
2777,368,13,33888.0,2
2778,9,117,745905.0,1
2779,70,40,84640.0,1
2780,9,89,234945.0,1
2781,52,78,431200.0,1
2782,4,364,1862565.0,0
2783,22,38,80239.0,1
2784,264,21,61196.0,2
2785,60,37,94538.0,1
2786,464,1,-831.0,2
2787,21,31,78464.0,1
2788,10,36,115066.0,1
2789,89,30,75889.0,1
2790,16,37,73369.0,1
2791,4,118,291208.0,1
2792,251,1,18160.0,2
2793,12,237,521610.0,0
2794,166,29,93665.0,2
2795,142,22,50301.0,1
2796,306,1,14328.0,2
2797,6,18,48504.0,1
2798,12,136,240588.0,1
2799,269,29,222850.0,2
2800,44,89,235829.0,1
2801,13,138,369904.0,1
2802,24,19,90622.0,1
2803,47,14,49072.0,1
2804,40,22,169222.0,1
2805,2,501,662755.0,0
2806,169,2,4022.0,2
2807,236,6,97873.0,2
2808,20,35,101389.0,1
2809,12,99,466956.0,1
2810,9,85,257999.0,1
2811,14,127,263729.0,1
2812,61,3,8070.0,1
2813,41,69,157257.0,1
2814,11,87,170200.0,1
2815,13,23,131800.0,1
2816,11,58,127367.0,1
2817,52,15,38536.0,1
2818,142,8,24684.0,1
2819,10,11,27602.0,1
2820,12,176,1339400.0,0
2821,81,11,39478.0,1
2822,42,28,855461.0,1
2823,10,15,40174.0,1
2824,10,46,146796.0,1
2825,22,31,65303.0,1
2826,10,219,550788.0,1
2827,9,297,941377.0,0
2828,16,67,140508.0,1
2829,20,11,27300.0,1
2830,50,6,26436.0,1
2831,3,149,651200.0,1
2832,237,19,44311.0,2
2833,81,14,48552.0,1
2834,5,179,135244.0,1
2835,4,115,245317.0,1
2836,361,18,49208.0,2
2837,59,36,70304.0,1
2838,24,57,53737.0,1
2839,9,97,100801.0,1
2840,12,63,69915.0,1
2841,26,19,45412.0,1
2842,50,66,86813.0,1
2843,14,45,147561.0,1
2844,3,115,952138.0,1
2845,89,24,60294.0,1
2846,20,43,77752.0,1
2847,83,6,17310.0,1
2848,46,44,128257.0,1
2849,81,14,29233.0,1
2850,268,37,105563.0,2
2851,47,18,30543.0,1
2852,30,90,401237.0,1
2853,9,97,118323.0,1
2854,262,137,103734.0,2
2855,16,96,192044.0,1
2856,17,134,133144.0,1
2857,211,8,36966.0,2
2858,106,7,32970.0,1
2859,88,47,119004.0,1
2860,14,35,72124.0,1
2861,15,38,124714.0,1
2862,81,25,50309.0,1
2863,14,47,101045.0,1
2864,81,20,52358.0,1
2865,14,21,47926.0,1
2866,25,142,455525.0,1
2867,11,662,335176.0,0
2868,9,295,457277.0,0
2869,9,51,46405.0,1
2870,212,91,195538.0,2
2871,12,93,175995.0,1
2872,173,16,21387.0,2
2873,64,7,19650.0,1
2874,53,69,221259.0,1
2875,264,24,50692.0,2
2876,367,21,-38138.0,2
2877,10,123,529764.0,1
2878,16,274,331835.0,0
2879,260,14,104010.0,2
2880,177,2,4859.0,2
2881,15,135,670301.0,1
2882,51,18,116825.0,1
2883,16,124,91129.0,1
2884,361,3,-3268.0,2
2885,13,260,660555.0,0
2886,81,61,106260.0,1
2887,81,45,93077.0,1
2888,354,54,146451.0,2
2889,8,134,191760.0,1
2890,117,25,56421.0,1
2891,403,65,41179.0,2
2892,197,33,77529.0,2
2893,177,6,110868.0,2
2894,11,25,59477.0,1
2895,22,109,204098.0,1
2896,82,17,257648.0,1
2897,49,11,22909.0,1
2898,7,167,213834.0,1
2899,9,109,103808.0,1
2900,174,8,18412.0,2
2901,12,19,37601.0,1
2902,22,120,272688.0,1
2903,10,79,182104.0,1
2904,46,22,37304.0,1
2905,23,27,69082.0,1
2906,12,12,28954.0,1
2907,19,167,653050.0,1
2908,142,22,49172.0,1
2909,18,44,84965.0,1
2910,264,1,37000.0,2
2911,41,44,89621.0,1
2912,20,37,80726.0,1
2913,5,16,39061.0,1
2914,331,14,26600.0,2
2915,10,155,361868.0,1
2916,43,69,179956.0,1
2917,9,19,43982.0,1
2918,15,3,43056.0,1
2919,15,56,136474.0,1
2920,81,16,29088.0,1
2921,2,37,45861.0,1
2922,228,1,23750.0,2
2923,12,118,55678.0,1
2924,13,20,62464.0,1
2925,6,320,342397.0,0
2926,20,318,525295.0,0
2927,20,41,27606.0,1
2928,9,154,199535.0,1
2929,17,30,1448208.0,1
2930,37,10,20362.0,1
2931,13,11,27120.0,1
2932,78,20,11915.0,1
2933,111,153,81573.0,1
2934,25,84,255185.0,1
2935,84,15,40997.0,1
2936,20,47,47644.0,1
2937,13,2,10674.0,1
2938,50,38,72533.0,1
2939,20,92,106483.0,1
2940,9,234,195058.0,1
2941,292,9,5798.0,2
2942,10,60,134881.0,1
2943,19,8,20380.0,1
2944,9,28,64118.0,1
2945,9,94,769126.0,1
2946,65,39,46831.0,1
2947,17,32,25595.0,1
2948,9,34,78984.0,1
2949,2,110,264813.0,1
2950,8,68,229316.0,1
2951,5,671,443772.0,0
2952,25,106,111914.0,1
2953,10,90,80419.0,1
2954,55,5,14180.0,1
2955,20,53,83408.0,1
2956,22,51,179530.0,1
2957,21,18,48036.0,1
2958,9,130,110631.0,1
2959,3,76,62530.0,1
2960,20,116,204424.0,1
2961,14,228,163300.0,1
2962,9,97,45106.0,1
2963,10,110,57238.0,1
2964,20,128,136917.0,1
2965,268,4,88140.0,2
2966,18,23,51182.0,1
2967,5,109,287498.0,1
2968,10,31,163178.0,1
2969,81,102,86584.0,1
2970,11,33,72480.0,1
2971,10,59,69213.0,1
2972,9,88,42015.0,1
2973,329,4,13168.0,2
2974,54,35,219191.0,1
2975,270,45,32780.0,2
2976,3,358,371895.0,0
2977,46,100,278652.0,1
2978,10,210,225109.0,1
2979,13,86,205444.0,1
2980,20,72,54448.0,1
2981,11,29,41275.0,1
2982,2,197,601766.0,1
2983,268,60,39584.0,2
2984,48,15,20029.0,1
2985,101,23,54904.0,1
2986,48,5,33756.0,1
2987,20,62,23362.0,1
2988,16,172,273686.0,1
2989,9,232,273260.0,1
2990,20,45,27448.0,1
2991,54,35,18987.0,1
2992,57,31,34447.0,1
2993,23,7,14333.0,1
2994,50,54,29210.0,1
2995,27,72,136687.0,1
2996,11,102,80862.0,1
2997,12,52,121764.0,1
2998,9,380,5094946.0,0
2999,25,18,44294.0,1
3000,110,6,12170.0,1
3001,18,21,43146.0,1
3002,3,372,256284.0,0
3003,108,9,30820.0,1
3004,85,1,-382.0,1
3005,111,2,28507.0,1
3006,59,6,34727.0,1
3007,15,83,85782.0,1
3008,10,8,45888.0,1
3009,9,17,25517.0,1
3010,9,109,193443.0,1
3011,6,132,104993.0,1
3012,8,282,465064.0,0
3013,71,24,46056.0,1
3014,2,174,83447.0,1
3015,11,85,90760.0,1
3016,9,63,29355.0,1
3017,212,2,388.0,2
3018,142,36,38148.0,1
3019,203,20,22390.0,2
3020,17,43,84834.0,1
3021,151,11,40792.0,2
3022,88,14,32861.0,1
3023,132,1,734.0,1
3024,10,99,229732.0,1
3025,18,111,280874.0,1
3026,15,9,26288.0,1
3027,7,202,458410.0,1
3028,30,135,120173.0,1
3029,179,33,17486.0,2
3030,83,4,10348.0,1
3031,9,85,196754.0,1
3032,20,236,185437.0,1
3033,9,148,199772.0,1
3034,83,2,10559.0,1
3035,16,182,78220.0,1
3036,52,171,99260.0,1
3037,17,13,29306.0,1
3038,19,19,41747.0,1
3039,8,367,225110.0,0
3040,17,28,69768.0,1
3041,10,146,320997.0,1
3042,10,17,43804.0,1
3043,20,35,35167.0,1
3044,81,53,100727.0,1
3045,20,18,39044.0,1
3046,75,19,15618.0,1
3047,14,26,48715.0,1
3048,81,42,46786.0,1
3049,9,31,77670.0,1
3050,50,39,93821.0,1
3051,81,62,184573.0,1
3052,297,50,123730.0,2
3053,4,97,85755.0,1
3054,38,97,206399.0,1
3055,19,136,372281.0,1
3056,74,16,10769.0,1
3057,361,22,37853.0,2
3058,8,11,46376.0,1
3059,15,86,172300.0,1
3060,26,86,75908.0,1
3061,9,4,115056.0,1
3062,21,3,11112.0,1
3063,298,13,39173.0,2
3064,373,13,31095.0,2
3065,22,168,119251.0,1
3066,20,35,109779.0,1
3067,11,113,196078.0,1
3068,31,6,12046.0,1
3069,17,17,20097.0,1
3070,10,42,61942.0,1
3071,28,12,23637.0,1
3072,14,157,133424.0,1
3073,2,298,1138448.0,0
3074,5,195,1611744.0,0
3075,173,15,34920.0,2
3076,82,14,27954.0,1
3077,4,17,35499.0,1
3078,14,30,55492.0,1
3079,12,77,168003.0,1
3080,145,1,54144.0,1
3081,10,181,130082.0,1
3082,6,31,81238.0,1
3083,111,56,67087.0,1
3084,4,45,166627.0,1
3085,54,5,13588.0,1
3086,173,3,36648.0,2
3087,261,26,99651.0,2
3088,9,981,531891.0,0
3089,14,261,306174.0,1
3090,11,32,133577.0,1
3091,16,17,47281.0,1
3092,17,86,789349.0,1
3093,4,74,81662.0,1
3094,9,17,36701.0,1
3095,10,207,422307.0,1
3096,26,11,34969.0,1
3097,1,474,1097886.0,0
3098,27,58,105616.0,1
3099,7,31,65615.0,1
3100,54,19,134462.0,1
3101,365,3,18035.0,2
3102,20,19,77492.0,1
3103,19,35,116957.0,1
3104,4,5,17489.0,1
3105,12,133,461206.0,1
3106,4,106,181384.0,1
3107,12,58,124323.0,1
3108,85,46,84483.0,1
3109,81,28,61960.0,1
3110,369,1,-3336.0,2
3111,14,11,13166.0,1
3112,115,6,42924.0,1
3113,403,14,28602.0,2
3114,82,31,105300.0,1
3115,16,8,51949.0,1
3116,234,13,27140.0,2
3117,43,33,60393.0,1
3118,10,10,23100.0,1
3119,5,222,551080.0,0
3120,44,27,38760.0,1
3121,81,53,21308.0,1
3122,10,85,54245.0,1
3123,21,12,30020.0,1
3124,5,7,19356.0,1
3125,108,11,18162.0,1
3126,5,62,136385.0,1
3127,50,30,32543.0,1
3128,9,32,65501.0,1
3129,11,34,71675.0,1
3130,9,173,461643.0,1
3131,15,280,667322.0,0
3132,106,6,10530.0,1
3133,14,11,14447.0,1
3134,9,66,146993.0,1
3135,71,30,77773.0,1
3136,14,26,63119.0,1
3137,20,33,69203.0,1
3138,236,5,21501.0,2
3139,9,97,321352.0,1
3140,138,16,25428.0,1
3141,6,9,23410.0,1
3142,15,29,97077.0,1
3143,77,5,15204.0,1
3144,81,48,109831.0,1
3145,17,23,41551.0,1
3146,1,184,567483.0,1
3147,83,20,39419.0,1
3148,9,119,282697.0,1
3149,11,64,70407.0,1
3150,20,153,341703.0,1
3151,45,9,25108.0,1
3152,9,72,153936.0,1
3153,24,95,228186.0,1
3154,9,52,140722.0,1
3155,113,12,33334.0,1
3156,5,35,93204.0,1
3157,16,27,64363.0,1
3158,15,62,124130.0,1
3159,173,14,29753.0,2
3160,50,21,38324.0,1
3161,81,24,70388.0,1
3162,15,123,839645.0,1
3163,40,76,151704.0,1
3164,44,31,73748.0,1
3165,9,261,507784.0,0
3166,27,80,1344984.0,1
3167,24,208,159914.0,1
3168,373,8,13708.0,2
3169,228,2,8688.0,2
3170,20,16,157439.0,1
3171,363,9,17591.0,2
3172,20,32,23720.0,1
3173,10,53,71747.0,1
3174,15,20,49638.0,1
3175,24,158,185962.0,1
3176,9,262,532160.0,0
3177,32,6,195229.0,1
3178,3,117,955219.0,1
3179,11,98,41568.0,1
3180,9,92,184540.0,1
3181,3,168,425005.0,1
3182,403,3,14783.0,2
3183,50,10,23316.0,1
3184,77,44,246345.0,1
3185,5,30,154140.0,1
3186,5,269,8102167.0,5
3187,10,62,49312.0,1
3188,11,588,410836.0,0
3189,2,62,165181.0,1
3190,82,15,54200.0,1
3191,51,13,27336.0,1
3192,351,1,875.0,2
3193,10,60,60477.0,1
3194,15,10,73116.0,1
3195,242,21,12778.0,2
3196,138,4,143160.0,1
3197,9,312,700452.0,0
3198,13,153,878911.0,1
3199,2,284,1680015.0,0
3200,9,123,65414.0,1
3201,50,27,80616.0,1
3202,16,79,341161.0,1
3203,15,402,344984.0,0
3204,4,22,209357.0,1
3205,11,446,449622.0,0
3206,10,632,895957.0,0
3207,76,93,148807.0,1
3208,81,19,63310.0,1
3209,79,2,93600.0,1
3210,9,236,401539.0,1
3211,370,45,87845.0,2
3212,20,203,240432.0,1
3213,27,27,24018.0,1
3214,264,37,36747.0,2
3215,10,228,702806.0,0
3216,92,43,72472.0,1
3217,18,151,89756.0,1
3218,27,185,191539.0,1
3219,365,46,35727.0,2
3220,50,269,140091.0,1
3221,13,665,1016457.0,0
3222,53,84,121040.0,1
3223,9,28,79455.0,1
3224,53,53,86255.0,1
3225,11,128,303434.0,1
3226,58,1,51552.0,1
3227,307,1,501.0,2
3228,176,16,37501.0,2
3229,52,2,-4064.0,1
3230,9,193,323177.0,1
3231,9,242,170453.0,1
3232,11,358,1034416.0,0
3233,5,452,895567.0,0
3234,9,45,110847.0,1
3235,9,69,201032.0,1
3236,42,95,73890.0,1
3237,9,24,142053.0,1
3238,434,9,23431.0,2
3239,59,34,33918.0,1
3240,115,176,209496.0,1
3241,15,13,30532.0,1
3242,262,7,16365.0,2
3243,10,22,48816.0,1
3244,8,43,105703.0,1
3245,11,13,48581.0,1
3246,20,89,177858.0,1
3247,188,24,80236.0,2
3248,4,718,338555.0,0
3249,299,1,3552.0,2
3250,17,34,145894.0,1
3251,9,222,777635.0,0
3252,50,58,54933.0,1
3253,264,40,41932.0,2
3254,58,146,97166.0,1
3255,9,254,296617.0,1
3256,58,26,26400.0,1
3257,10,49,81944.0,1
3258,43,158,190347.0,1
3259,10,76,50889.0,1
3260,81,50,25911.0,1
3261,47,16,34442.0,1
3262,3,344,1318131.0,0
3263,72,60,56899.0,1
3264,368,19,34600.0,2
3265,9,197,258588.0,1
3266,22,3,12000.0,1
3267,12,154,75000.0,1
3268,130,5,9998.0,1
3269,4,95,202509.0,1
3270,9,321,208505.0,0
3271,17,12,13624.0,1
3272,58,16,29688.0,1
3273,2,286,168258.0,0
3274,366,66,54287.0,2
3275,11,18,39270.0,1
3276,20,164,146478.0,1
3277,17,121,103676.0,1
3278,10,24,48005.0,1
3279,24,60,66257.0,1
3280,174,98,69302.0,2
3281,15,102,95733.0,1
3282,15,67,150294.0,1
3283,17,23,40258.0,1
3284,24,150,123997.0,1
3285,75,16,34632.0,1
3286,5,28,79425.0,1
3287,361,15,52538.0,2
3288,11,449,256988.0,0
3289,13,324,785712.0,0
3290,109,28,56544.0,1
3291,4,95,183875.0,1
3292,11,191,435138.0,1
3293,11,26,59751.0,1
3294,198,38,42323.0,2
3295,20,26,60878.0,1
3296,14,28,111816.0,1
3297,52,22,40409.0,1
3298,113,7,15182.0,1
3299,13,11,23474.0,1
3300,39,23,45546.0,1
3301,14,12,21842.0,1
3302,2,47,134791.0,1
3303,198,24,60636.0,2
3304,134,10,21583.0,1
3305,70,11,33315.0,1
3306,9,166,396518.0,1
3307,200,26,68983.0,2
3308,9,293,2009637.0,0
3309,9,116,282177.0,1
3310,13,64,156323.0,1
3311,10,379,1527232.0,0
3312,53,11,25652.0,1
3313,51,12,23600.0,1
3314,53,14,39716.0,1
3315,105,8,13967.0,1
3316,19,19,42776.0,1
3317,8,20,46294.0,1
3318,130,9,17285.0,1
3319,25,19,39303.0,1
3320,23,2,4170.0,1
3321,369,13,38147.0,2
3322,111,72,84744.0,1
3323,10,7,23336.0,1
3324,9,28,70264.0,1
3325,43,11,24230.0,1
3326,23,129,105856.0,1
3327,11,139,339755.0,1
3328,75,7,93775.0,1
3329,5,289,907588.0,0
3330,10,123,252607.0,1
3331,13,159,108853.0,1
3332,26,6,-198.0,1
3333,9,178,190440.0,1
3334,71,1,46200.0,1
3335,10,39,96178.0,1
3336,14,38,32996.0,1
3337,9,26,58859.0,1
3338,20,101,56705.0,1
3339,9,37,26010.0,1
3340,16,135,204321.0,1
3341,2,203,95517.0,1
3342,2,101,60981.0,1
3343,367,45,17894.0,2
3344,10,69,27245.0,1
3345,109,44,24198.0,1
3346,27,163,59773.0,1
3347,8,125,155659.0,1
3348,10,79,127019.0,1
3349,117,44,203120.0,1
3350,9,60,48181.0,1
3351,5,709,486006.0,0
3352,6,209,381673.0,1
3353,16,93,72422.0,1
3354,9,151,111196.0,1
3355,10,19,48252.0,1
3356,5,547,196963.0,0
3357,9,104,304155.0,1
3358,261,8,14310.0,2
3359,9,38,29666.0,1
3360,16,57,69155.0,1
3361,24,143,81403.0,1
3362,17,9,50104.0,1
3363,10,130,136356.0,1
3364,13,327,330978.0,0
3365,10,60,24330.0,1
3366,10,694,844961.0,0
3367,10,89,98257.0,1
3368,373,14,24747.0,2
3369,47,6,67238.0,1
3370,11,212,382340.0,1
3371,4,77,177644.0,1
3372,10,54,54681.0,1
3373,6,898,623311.0,0
3374,54,53,20798.0,1
3375,2,49,65348.0,1
3376,55,62,115947.0,1
3377,26,57,36216.0,1
3378,18,240,241304.0,1
3379,53,305,420668.0,0
3380,9,283,231432.0,0
3381,212,33,89272.0,2
3382,9,249,579088.0,0
3383,236,21,52890.0,2
3384,142,19,155020.0,1
3385,4,60,168952.0,1
3386,12,42,148561.0,1
3387,18,87,188035.0,1
3388,111,16,21431.0,1
3389,32,1,2650.0,1
3390,3,54,267687.0,1
3391,14,26,59790.0,1
3392,21,18,35299.0,1
3393,47,16,52214.0,1
3394,88,7,14875.0,1
3395,10,100,64915.0,1
3396,117,14,27795.0,1
3397,44,7,12983.0,1
3398,168,25,29149.0,2
3399,21,30,305937.0,1
3400,14,21,48144.0,1
3401,6,31,59862.0,1
3402,44,42,103922.0,1
3403,39,41,39507.0,1
3404,270,2,30496.0,2
3405,81,39,42687.0,1
3406,5,91,221484.0,1
3407,138,87,150642.0,1
3408,10,22,46490.0,1
3409,11,149,257501.0,1
3410,42,418,566469.0,0
3411,20,121,646880.0,1
3412,31,2,9570.0,1
3413,4,129,184826.0,1
3414,6,7,15299.0,1
3415,24,12,186771.0,1
3416,45,1,22500.0,1
3417,9,95,199562.0,1
3418,464,1,-209.0,2
3419,9,41,173896.0,1
3420,109,12,89960.0,1
3421,109,5,30502.0,1
3422,26,23,67781.0,1
3423,1,169,497679.0,1
3424,15,50,184459.0,1
3425,11,44,189031.0,1
3426,7,44,93684.0,1
3427,13,53,121262.0,1
3428,21,12,27146.0,1
3429,9,15,39090.0,1
3430,9,75,70221.0,1
3431,9,217,285553.0,1
3432,3,268,1178144.0,0
3433,50,16,100138.0,1
3434,20,234,168209.0,1
3435,9,7,11220.0,1
3436,41,3,10495.0,1
3437,10,9,48318.0,1
3438,105,4,21551.0,1
3439,78,155,107156.0,1
3440,117,2,86000.0,1
3441,10,11,19982.0,1
3442,13,22,50075.0,1
3443,15,28,129116.0,1
3444,20,32,92461.0,1
3445,18,32,47553.0,1
3446,83,77,157102.0,1
3447,9,22,12923.0,1
3448,143,15,51732.0,1
3449,27,71,164007.0,1
3450,4,98,155405.0,1
3451,9,102,231136.0,1
3452,29,10,106861.0,1
3453,74,22,40584.0,1
3454,13,22,88420.0,1
3455,86,65,137379.0,1
3456,17,48,112915.0,1
3457,3,322,685748.0,0
3458,11,316,409514.0,0
3459,136,43,33570.0,1
3460,9,92,54930.0,1
3461,42,14,54197.0,1
3462,9,84,178362.0,1
3463,82,62,150427.0,1
3464,9,516,409403.0,0
3465,269,5,37026.0,2
3466,45,101,586469.0,1
3467,109,70,77554.0,1
3468,22,82,179507.0,1
3469,14,62,99205.0,1
3470,10,296,557246.0,0
3471,9,154,341424.0,1
3472,115,64,38214.0,1
3473,9,148,297606.0,1
3474,20,173,182424.0,1
3475,20,80,97267.0,1
3476,17,25,98993.0,1
3477,9,27,73894.0,1
3478,82,2,14148.0,1
3479,24,9,36288.0,1
3480,26,64,33075.0,1
3481,9,81,242570.0,1
3482,18,52,175036.0,1
3483,9,162,371588.0,1
3484,12,189,195212.0,1
3485,8,96,302762.0,1
3486,9,115,242485.0,1
3487,7,64,251172.0,1
3488,3,198,472820.0,1
3489,12,125,235181.0,1
3490,323,15,35190.0,2
3491,23,76,160559.0,1
3492,20,52,115732.0,1
3493,3,213,117519.0,1
3494,20,65,140644.0,1
3495,30,42,201536.0,1
3496,271,1,2738.0,2
3497,13,90,99140.0,1
3498,9,418,1332668.0,0
3499,9,121,115892.0,1
3500,166,12,18428.0,2
3501,50,30,36735.0,1
3502,6,135,86081.0,1
3503,38,43,99121.0,1
3504,200,9,15066.0,2
3505,262,10,21850.0,2
3506,8,38,79790.0,1
3507,234,18,38565.0,2
3508,121,7,18804.0,1
3509,74,9,47700.0,1
3510,14,32,36552.0,1
3511,51,40,39776.0,1
3512,13,262,133701.0,1
3513,19,14,19762.0,1
3514,6,134,293614.0,1
3515,20,26,515344.0,1
3516,116,24,46824.0,1
3517,9,52,168425.0,1
3518,17,24,45886.0,1
3519,10,487,1300356.0,0
3520,16,20,56833.0,1
3521,241,15,62909.0,2
3522,2,48,113009.0,1
3523,115,35,85561.0,1
3524,23,85,214375.0,1
3525,53,9,16358.0,1
3526,167,15,181988.0,2
3527,25,14,25998.0,1
3528,81,23,58420.0,1
3529,20,20,34831.0,1
3530,174,15,37943.0,2
3531,9,67,170044.0,1
3532,22,102,211636.0,1
3533,9,229,486928.0,1
3534,9,105,216049.0,1
3535,22,5,32736.0,1
3536,9,145,326262.0,1
3537,78,10,20484.0,1
3538,204,14,22741.0,2
3539,14,60,109401.0,1
3540,231,16,35107.0,2
3541,81,15,47256.0,1
3542,6,87,437988.0,1
3543,76,4,8702.0,1
3544,50,64,183392.0,1
3545,203,15,39004.0,2
3546,179,80,83655.0,2
3547,57,131,106491.0,1
3548,58,23,29149.0,1
3549,8,76,392347.0,1
3550,10,2,22600.0,1
3551,168,10,27817.0,2
3552,18,88,307280.0,1
3553,111,61,48965.0,1
3554,59,19,52570.0,1
3555,9,237,269897.0,1
3556,50,35,238296.0,1
3557,361,25,30140.0,2
3558,9,29,110989.0,1
3559,25,96,89330.0,1
3560,54,40,46031.0,1
3561,9,152,504079.0,1
3562,174,67,158830.0,2
3563,54,13,74236.0,1
3564,54,7,25752.0,1
3565,28,213,293358.0,1
3566,169,4,31215.0,2
3567,50,164,328479.0,1
3568,10,104,111590.0,1
3569,236,9,12143.0,2
3570,5,274,242206.0,0
3571,9,25,16032.0,1
3572,12,472,416700.0,0
3573,8,63,47719.0,1
3574,10,28,41781.0,1
3575,18,48,44056.0,1
3576,18,21,63759.0,1
3577,10,47,137124.0,1
3578,10,208,263630.0,1
3579,11,47,40371.0,1
3580,18,72,440139.0,1
3581,10,546,402877.0,0
3582,3,36,52623.0,1
3583,9,25,24284.0,1
3584,14,14,17463.0,1
3585,26,29,65579.0,1
3586,16,105,111717.0,1
3587,23,19,36692.0,1
3588,4,566,466060.0,0
3589,79,16,45349.0,1
3590,111,40,142926.0,1
3591,2,406,1031921.0,0
3592,54,31,125059.0,1
3593,205,9,20019.0,2
3594,20,55,34357.0,1
3595,12,69,41853.0,1
3596,4,57,47807.0,1
3597,363,39,34116.0,2
3598,14,87,47392.0,1
3599,20,18,19687.0,1
3600,5,112,41254.0,1
3601,50,78,39523.0,1
3602,79,16,34358.0,1
3603,149,124,81337.0,2
3604,56,12,142033.0,1
3605,209,23,8141.0,2
3606,142,127,75707.0,1
3607,3,80,39213.0,1
3608,12,38,41086.0,1
3609,112,6,119844.0,1
3610,50,116,303973.0,1
3611,9,27,15744.0,1
3612,198,69,127709.0,2
3613,244,15,33496.0,2
3614,61,9,23043.0,1
3615,103,94,294747.0,1
3616,10,294,232421.0,0
3617,22,45,21571.0,1
3618,27,124,131400.0,1
3619,20,142,205509.0,1
3620,9,112,119828.0,1
3621,4,102,75445.0,1
3622,309,1,59112.0,2
3623,9,135,249529.0,1
3624,9,69,71118.0,1
3625,20,51,16299.0,1
3626,102,30,70278.0,1
3627,11,57,103398.0,1
3628,22,66,27758.0,1
3629,9,81,138731.0,1
3630,362,53,31581.0,2
3631,20,69,1352873.0,1
3632,41,12,9806.0,1
3633,81,55,186949.0,1
3634,43,14,75499.0,1
3635,9,28,308328.0,1
3636,9,136,357826.0,1
3637,2,484,832207.0,0
3638,11,11,279774.0,1
3639,72,73,152076.0,1
3640,10,107,87225.0,1
3641,10,203,132306.0,1
3642,22,50,142258.0,1
3643,17,6,11706.0,1
3644,20,33,60680.0,1
3645,23,6,39746.0,1
3646,128,1,18272.0,1
3647,87,28,64371.0,1
3648,48,12,45270.0,1
3649,16,547,257748.0,0
3650,20,754,821263.0,0
3651,11,9,32916.0,1
3652,9,423,1519226.0,0
3653,13,183,101195.0,1
3654,357,17,21336.0,2
3655,50,32,19825.0,1
3656,11,87,71763.0,1
3657,4,503,336696.0,0
3658,88,1,41688.0,1
3659,9,215,188645.0,1
3660,180,9,21123.0,2
3661,38,72,153223.0,1
3662,9,27,65398.0,1
3663,104,8,242700.0,1
3664,51,16,201487.0,1
3665,48,19,27652.0,1
3666,25,45,46280.0,1
3667,18,59,46656.0,1
3668,20,15,24518.0,1
3669,14,132,74115.0,1
3670,14,29,55733.0,1
3671,79,35,43280.0,1
3672,1,414,580780.0,0
3673,19,467,724558.0,0
3674,239,34,22543.0,2
3675,19,126,193097.0,1
3676,11,33,68102.0,1
3677,20,87,48715.0,1
3678,10,253,170867.0,1
3679,50,57,82826.0,1
3680,15,28,52202.0,1
3681,79,71,55669.0,1
3682,48,24,25873.0,1
3683,9,418,506161.0,0
3684,20,83,74134.0,1
3685,10,105,2807583.0,0
3686,10,2,6640.0,1
3687,5,51,26550.0,1
3688,20,15,38752.0,1
3689,20,47,36876.0,1
3690,38,27,262856.0,1
3691,9,78,105270.0,1
3692,73,15,164928.0,1
3693,3,220,3332232.0,0
3694,174,3,57024.0,2
3695,48,61,63483.0,1
3696,15,4,22803.0,1
3697,40,25,689718.0,1
3698,23,92,82670.0,1
3699,115,38,79589.0,1
3700,12,213,273980.0,1
3701,14,58,302485.0,1
3702,9,33,33556.0,1
3703,7,191,4443946.0,0
3704,2,94,134008.0,1
3705,19,115,257443.0,1
3706,196,2,3423.0,2
3707,46,13,81568.0,1
3708,9,64,151807.0,1
3709,22,43,94706.0,1
3710,4,66,161808.0,1
3711,44,6,141440.0,1
3712,81,14,55861.0,1
3713,9,271,903847.0,0
3714,50,30,61055.0,1
3715,10,208,514265.0,1
3716,51,30,72000.0,1
3717,11,135,302325.0,1
3718,15,28,82829.0,1
3719,10,43,98938.0,1
3720,6,272,667964.0,0
3721,81,2,13378.0,1
3722,5,343,2172891.0,0
3723,12,42,78809.0,1
3724,9,14,32542.0,1
3725,109,43,56539.0,1
3726,20,48,49338.0,1
3727,89,54,40925.0,1
3728,3,138,324271.0,1
3729,3,9,26970.0,1
3730,107,19,43257.0,1
3731,16,8,20344.0,1
3732,9,140,286388.0,1
3733,13,134,348584.0,1
3734,18,9,21642.0,1
3735,81,36,77671.0,1
3736,3,278,305324.0,0
3737,9,263,7545149.0,5
3738,2,107,224308.0,1
3739,10,19,62926.0,1
3740,136,61,63296.0,1
3741,204,8,15650.0,2
3742,366,17,34814.0,2
3743,12,19,216890.0,1
3744,20,54,40327.0,1
3745,10,111,91128.0,1
3746,41,37,54634.0,1
3747,9,111,116949.0,1
3748,10,28,76640.0,1
3749,20,219,246053.0,1
3750,13,9,46897.0,1
3751,20,41,95431.0,1
3752,20,5,15756.0,1
3753,13,90,222551.0,1
3754,12,78,202938.0,1
3755,44,181,95263.0,1
3756,81,14,30130.0,1
3757,81,31,70260.0,1
3758,4,83,179777.0,1
3759,10,21,50163.0,1
3760,264,24,49484.0,2
3761,59,29,56580.0,1
3762,1,85,248262.0,1
3763,2,110,453591.0,1
3764,16,12,46069.0,1
3765,39,27,62453.0,1
3766,359,10,31214.0,2
3767,81,17,42378.0,1
3768,231,40,92281.0,2
3769,26,5,114734.0,1
3770,45,18,36953.0,1
3771,9,28,88424.0,1
3772,3,38,79670.0,1
3773,15,140,353237.0,1
3774,43,52,145928.0,1
3775,81,16,37124.0,1
3776,18,88,76044.0,1
3777,17,22,53444.0,1
3778,10,369,790109.0,0
3779,25,20,42820.0,1
3780,3,1060,12319439.0,5
3781,12,106,440360.0,1
3782,163,6,65128.0,2
3783,12,40,26851.0,1
3784,9,87,76076.0,1
3785,15,137,99181.0,1
3786,48,11,21042.0,1
3787,20,83,248779.0,1
3788,54,30,74205.0,1
3789,9,46,97789.0,1
3790,2,72,155533.0,1
3791,20,33,110200.0,1
3792,362,6,18656.0,2
3793,360,9,46602.0,2
3794,5,21,129799.0,1
3795,15,49,111240.0,1
3796,2,260,465715.0,0
3797,2,392,315213.0,0
3798,14,14,37230.0,1
3799,54,9,27219.0,1
3800,47,13,24302.0,1
3801,180,3,8084.0,2
3802,9,75,126330.0,1
3803,27,9,18342.0,1
3804,25,26,68666.0,1
3805,270,25,23474.0,2
3806,50,144,82660.0,1
3807,495,2,-1199.0,2
3808,45,17,-21926.0,1
3809,26,6,25926.0,1
3810,16,42,30599.0,1
3811,360,43,38054.0,2
3812,65,50,127033.0,1
3813,12,1,25632.0,1
3814,2,88,295511.0,1
3815,19,106,66667.0,1
3816,206,6,22664.0,2
3817,20,34,66002.0,1
3818,13,27,115861.0,1
3819,20,46,24248.0,1
3820,12,64,153889.0,1
3821,25,49,52998.0,1
3822,26,152,114667.0,1
3823,8,176,541255.0,1
3824,19,29,42548.0,1
3825,17,298,194425.0,0
3826,81,12,27628.0,1
3827,9,26,50087.0,1
3828,244,8,22712.0,2
3829,14,417,442293.0,0
3830,45,6,14358.0,1
3831,6,52,55165.0,1
3832,79,44,25201.0,1
3833,1,451,1389312.0,0
3834,237,29,24992.0,2
3835,8,36,147542.0,1
3836,19,214,195492.0,1
3837,102,23,156106.0,1
3838,10,252,322560.0,1
3839,3,200,185690.0,1
3840,12,167,276390.0,1
3841,4,215,542473.0,1
3842,86,50,123126.0,1
3843,9,83,51622.0,1
3844,10,270,486410.0,0
3845,15,55,250461.0,1
3846,20,13,20562.0,1
3847,240,9,18499.0,2
3848,3,565,709606.0,0
3849,53,12,43922.0,1
3850,15,63,40635.0,1
3851,9,59,30092.0,1
3852,18,236,145851.0,1
3853,8,582,520010.0,0
3854,11,140,293193.0,1
3855,18,319,565232.0,0
3856,58,100,50586.0,1
3857,76,14,40075.0,1
3858,183,3,68672.0,2
3859,6,78,111199.0,1
3860,79,77,28476.0,1
3861,10,4,9600.0,1
3862,22,27,159048.0,1
3863,9,33,68301.0,1
3864,15,50,117884.0,1
3865,20,315,270048.0,0
3866,83,5,10681.0,1
3867,6,124,254556.0,1
3868,174,26,59408.0,2
3869,2,39,68693.0,1
3870,9,72,161258.0,1
3871,9,297,279899.0,0
3872,20,24,37062.0,1
3873,32,35,70043.0,1
3874,78,7,15066.0,1
3875,87,5,73764.0,1
3876,120,40,96992.0,1
3877,403,8,14194.0,2
3878,2,169,372880.0,1
3879,15,54,116762.0,1
3880,10,7,14801.0,1
3881,10,92,206602.0,1
3882,142,53,107078.0,1
3883,23,8,22350.0,1
3884,9,239,544090.0,0
3885,9,270,599321.0,0
3886,9,50,163383.0,1
3887,17,22,13290.0,1
3888,18,93,293427.0,1
3889,12,82,239199.0,1
3890,20,23,89052.0,1
3891,10,161,368287.0,1
3892,142,45,25600.0,1
3893,26,90,222895.0,1
3894,15,43,90555.0,1
3895,5,18,103668.0,1
3896,10,117,255356.0,1
3897,2,15,40044.0,1
3898,12,68,434140.0,1
3899,198,11,26042.0,2
3900,20,61,158482.0,1
3901,18,115,392932.0,1
3902,2,228,240673.0,1
3903,81,27,93470.0,1
3904,2,720,2432157.0,0
3905,5,78,188788.0,1
3906,2,321,2147972.0,0
3907,264,16,37982.0,2
3908,55,30,226647.0,1
3909,25,11,24248.0,1
3910,16,119,322243.0,1
3911,50,15,32961.0,1
3912,20,130,406613.0,1
3913,8,286,704126.0,0
3914,9,258,560430.0,0
3915,360,19,35218.0,2
3916,12,46,101088.0,1
3917,143,18,33760.0,1
3918,142,15,37494.0,1
3919,103,35,116128.0,1
3920,13,126,312715.0,1
3921,237,19,39956.0,2
3922,265,8,17985.0,2
3923,11,146,305113.0,1
3924,46,24,47314.0,1
3925,9,80,245808.0,1
3926,9,55,106784.0,1
3927,174,31,110221.0,2
3928,5,108,224981.0,1
3929,5,394,1226964.0,0
3930,75,5,22980.0,1
3931,14,35,31905.0,1
3932,173,7,14389.0,2
3933,20,23,52949.0,1
3934,50,29,65645.0,1
3935,321,10,19482.0,2
3936,205,1,39552.0,2
3937,9,254,706483.0,0
3938,234,6,16279.0,2
3939,9,278,665927.0,0
3940,27,50,153292.0,1
3941,11,120,305960.0,1
3942,45,10,363126.0,1
3943,59,45,114791.0,1
3944,16,198,443115.0,1
3945,20,67,141420.0,1
3946,5,168,358137.0,1
3947,4,220,717407.0,0
3948,12,83,105655.0,1
3949,373,18,34924.0,2
3950,39,35,92279.0,1
3951,54,43,94571.0,1
3952,3,690,1741880.0,0
3953,37,26,45730.0,1
3954,59,10,20859.0,1
3955,17,99,241336.0,1
3956,10,48,328133.0,1
3957,19,15,40499.0,1
3958,4,136,415866.0,1
3959,235,8,11351.0,2
3960,121,2,6396.0,1
3961,169,35,83694.0,2
3962,6,190,376828.0,1
3963,363,1,18048.0,2
3964,1,93,273660.0,1
3965,2,741,724309.0,0
3966,13,412,449940.0,0
3967,20,94,126491.0,1
3968,22,25,40530.0,1
3969,9,19,87961.0,1
3970,266,1,1800.0,2
3971,51,75,101270.0,1
3972,13,57,43617.0,1
3973,20,21,34882.0,1
3974,9,105,281793.0,1
3975,9,313,485764.0,0
3976,17,38,127685.0,1
3977,57,53,42435.0,1
3978,20,53,21215.0,1
3979,11,157,151230.0,1
3980,138,3,8400.0,1
3981,25,194,93980.0,1
3982,22,84,84891.0,1
3983,13,12,20827.0,1
3984,16,67,46934.0,1
3985,54,13,16780.0,1
3986,86,72,36660.0,1
3987,18,134,240653.0,1
3988,103,4,119191.0,1
3989,17,14,27096.0,1
3990,10,190,242911.0,1
3991,31,10,12933.0,1
3992,26,58,46409.0,1
3993,180,46,54095.0,2
3994,19,82,78482.0,1
3995,14,111,100470.0,1
3996,16,410,398166.0,0
3997,9,103,159222.0,1
3998,83,147,160585.0,1
3999,82,10,59569.0,1
4000,20,43,93687.0,1
4001,12,63,614411.0,1
4002,5,871,957706.0,0
4003,20,141,92923.0,1
4004,10,378,210536.0,0
4005,10,17,5190.0,1
4006,5,33,42564.0,1
4007,81,49,425313.0,1
4008,44,5,-2624.0,1
4009,53,13,57648.0,1
4010,6,220,261362.0,1
4011,14,78,142742.0,1
4012,299,30,109640.0,2
4013,3,23,44025.0,1
4014,9,2,4116.0,1
4015,50,61,25546.0,1
4016,3,61,53399.0,1
4017,50,23,14644.0,1
4018,10,171,180694.0,1
4019,11,136,315141.0,1
4020,50,56,45910.0,1
4021,2,7970,5152099.0,3
4022,18,35,24489.0,1
4023,111,5,8056.0,1
4024,46,51,113776.0,1
4025,19,26,69052.0,1
4026,18,312,616357.0,0
4027,20,24,14109.0,1
4028,14,15,35090.0,1
4029,373,17,28636.0,2
4030,6,17,191145.0,1
4031,9,35,1379646.0,1
4032,6,199,676906.0,1
4033,18,25,21605.0,1
4034,369,58,29949.0,2
4035,4,223,296582.0,1
4036,324,11,38352.0,2
4037,10,148,461480.0,1
4038,11,102,102530.0,1
4039,9,387,1317359.0,0
4040,143,10,43183.0,1
4041,9,80,151351.0,1
4042,16,40,48614.0,1
4043,3,280,256333.0,0
4044,205,10,24648.0,2
4045,14,45,208264.0,1
4046,14,47,76464.0,1
4047,173,12,29911.0,2
4048,50,26,58412.0,1
4049,174,6,20151.0,2
4050,367,26,63664.0,2
4051,18,8,15741.0,1
4052,4,145,87399.0,1
4053,4,117,112751.0,1
4054,20,64,27487.0,1
4055,9,109,111110.0,1
4056,42,10,12435.0,1
4057,10,80,92893.0,1
4058,214,21,25513.0,2
4059,323,94,81596.0,2
4060,74,34,38051.0,1
4061,13,28,32656.0,1
4062,137,16,23059.0,1
4063,11,192,130755.0,1
4064,50,16,16803.0,1
4065,25,2,41760.0,1
4066,173,115,65730.0,2
4067,86,28,24612.0,1
4068,13,32,24860.0,1
4069,14,11,2101.0,1
4070,9,19,12220.0,1
4071,22,39,21381.0,1
4072,13,34,97413.0,1
4073,16,12,8578.0,1
4074,403,58,33007.0,2
4075,69,39,50843.0,1
4076,79,40,38376.0,1
4077,59,59,59663.0,1
4078,4,80,52241.0,1
4079,50,94,43080.0,1
4080,89,23,174132.0,1
4081,5,695,532472.0,0
4082,10,145,101555.0,1
4083,17,1,21600.0,1
4084,3,38,346015.0,1
4085,434,1,28584.0,2
4086,134,21,57814.0,1
4087,46,22,22086.0,1
4088,119,6,87088.0,1
4089,9,39,242971.0,1
4090,138,65,56352.0,1
4091,9,90,166990.0,1
4092,57,21,98247.0,1
4093,142,28,17364.0,1
4094,6,77,50415.0,1
4095,9,43,519784.0,1
4096,43,12,12599.0,1
4097,18,17,529598.0,1
4098,103,2,38976.0,1
4099,252,2,10948.0,2
4100,234,20,19263.0,2
4101,70,9,27772.0,1
4102,148,1,43632.0,2
4103,15,35,1450852.0,1
4104,81,72,65630.0,1
4105,70,21,123680.0,1
4106,6,489,329643.0,0
4107,15,19,76010.0,1
4108,250,1,1339.0,2
4109,10,30,27737.0,1
4110,117,7,54596.0,1
4111,173,26,9646.0,2
4112,14,249,159439.0,1
4113,143,35,16813.0,1
4114,9,104,59530.0,1
4115,9,329,337614.0,0
4116,13,68,223798.0,1
4117,372,48,15607.0,2
4118,403,85,35406.0,2
4119,173,14,26572.0,2
4120,212,31,91655.0,2
4121,242,31,15456.0,2
4122,52,15,42050.0,1
4123,15,179,96525.0,1
4124,10,295,527431.0,0
4125,373,65,40567.0,2
4126,9,21,48845.0,1
4127,366,12,43618.0,2
4128,9,146,91963.0,1
4129,166,30,126434.0,2
4130,146,48,19817.0,1
4131,23,23,72051.0,1
4132,66,1,2580.0,1
4133,14,13,32105.0,1
4134,20,39,21465.0,1
4135,237,29,82070.0,2
4136,168,5,10042.0,2
4137,14,84,86595.0,1
4138,47,2,20327.0,1
4139,11,177,275497.0,1
4140,9,93,50431.0,1
4141,20,58,65468.0,1
4142,363,40,20425.0,2
4143,4,60,29991.0,1
4144,24,22,49659.0,1
4145,71,30,276938.0,1
4146,236,33,32085.0,2
4147,169,14,21562.0,2
4148,403,28,13417.0,2
4149,13,31,31322.0,1
4150,29,31,19864.0,1
4151,5,46,19647.0,1
4152,9,123,192840.0,1
4153,88,3,71200.0,1
4154,111,29,14122.0,1
4155,52,5,4221.0,1
4156,9,191,106879.0,1
4157,13,21,48809.0,1
4158,11,21,14054.0,1
4159,6,10,25714.0,1
4160,337,5,9834.0,2
4161,10,34,17244.0,1
4162,22,112,67346.0,1
4163,9,53,102388.0,1
4164,16,96,52086.0,1
4165,77,19,8013.0,1
4166,21,19,45323.0,1
4167,15,474,604176.0,0
4168,54,7,17526.0,1
4169,25,121,70219.0,1
4170,5,128,255209.0,1
4171,50,47,27159.0,1
4172,205,7,22128.0,2
4173,360,5,9554.0,2
4174,10,21,41770.0,1
4175,8,363,807091.0,0
4176,200,19,48944.0,2
4177,130,3,19696.0,1
4178,25,21,44052.0,1
4179,13,46,262679.0,1
4180,15,27,92791.0,1
4181,134,7,100126.0,1
4182,6,138,292298.0,1
4183,82,10,37070.0,1
4184,50,37,48945.0,1
4185,320,1,10716.0,2
4186,27,472,274006.0,0
4187,199,25,54812.0,2
4188,13,34,3432.0,1
4189,42,76,551439.0,1
4190,403,13,59355.0,2
4191,10,153,326306.0,1
4192,9,227,359266.0,1
4193,15,29,39746.0,1
4194,12,127,762292.0,1
4195,23,1,59592.0,1
4196,39,17,44410.0,1
4197,26,73,98389.0,1
4198,18,2,17772.0,1
4199,331,29,77731.0,2
4200,17,7,15220.0,1
4201,152,3,-14052.0,2
4202,10,39,23326.0,1
4203,4,90,1092102.0,1
4204,18,38,271296.0,1
4205,15,70,397510.0,1
4206,19,21,76805.0,1
4207,10,213,124422.0,1
4208,8,109,347407.0,1
4209,12,19,22579.0,1
4210,20,41,26205.0,1
4211,3,322,10654918.0,5
4212,9,38,93386.0,1
4213,9,18,13474.0,1
4214,330,39,49084.0,2
4215,107,19,29891.0,1
4216,2,454,1009004.0,0
4217,20,49,23760.0,1
4218,20,26,46376.0,1
4219,434,1,10080.0,2
4220,261,28,24197.0,2
4221,10,377,178366.0,0
4222,26,73,61774.0,1
4223,9,1283,708724.0,0
4224,368,30,22364.0,2
4225,15,17,13030.0,1
4226,13,32,92731.0,1
4227,9,362,244954.0,0
4228,9,36,88386.0,1
4229,9,197,147560.0,1
4230,10,55,27709.0,1
4231,20,47,43601.0,1
4232,46,14,13871.0,1
4233,9,71,143249.0,1
4234,9,20,79473.0,1
4235,66,39,95396.0,1
4236,297,8,17888.0,2
4237,20,159,1145182.0,0
4238,369,1,-4476.0,2
4239,13,18,162856.0,1
4240,117,61,126415.0,1
4241,8,43,372376.0,1
4242,20,221,418853.0,1
4243,15,10,25569.0,1
4244,53,7,27904.0,1
4245,15,16,76835.0,1
4246,9,37,73054.0,1
4247,142,38,80538.0,1
4248,4,21,55462.0,1
4249,82,28,48381.0,1
4250,20,140,89448.0,1
4251,69,35,65272.0,1
4252,18,23,59479.0,1
4253,58,39,78931.0,1
4254,10,81,205612.0,1
4255,9,25,48395.0,1
4256,179,10,41252.0,2
4257,9,43,152761.0,1
4258,18,140,146333.0,1
4259,10,9,24160.0,1
4260,9,38,116519.0,1
4261,19,56,144081.0,1
4262,9,197,892248.0,0
4263,17,31,276968.0,1
4264,99,1,14750.0,1
4265,356,33,55805.0,2
4266,9,75,165550.0,1
4267,12,99,210656.0,1
4268,19,90,252565.0,1
4269,5,119,265717.0,1
4270,25,44,44778.0,1
4271,47,44,84323.0,1
4272,25,1,6360.0,1
4273,16,17,37002.0,1
4274,20,72,267625.0,1
4275,81,69,133366.0,1
4276,105,16,35658.0,1
4277,264,7,29204.0,2
4278,81,45,111989.0,1
4279,151,18,26453.0,2
4280,84,8,123776.0,1
4281,11,141,90208.0,1
4282,5,164,757913.0,1
4283,111,32,23267.0,1
4284,48,68,168488.0,1
4285,13,19,18270.0,1
4286,75,202,258240.0,1
4287,9,32,58936.0,1
4288,9,8,16132.0,1
4289,2,134,333049.0,1
4290,17,42,77159.0,1
4291,327,43,29359.0,2
4292,237,15,34683.0,2
4293,11,13,35362.0,1
4294,9,26,57308.0,1
4295,9,31,87133.0,1
4296,17,24,86908.0,1
4297,6,115,253948.0,1
4298,220,4,56664.0,2
4299,10,65,147361.0,1
4300,11,19,59082.0,1
4301,5,298,779077.0,0
4302,265,10,19065.0,2
4303,5,286,694553.0,0
4304,12,245,695207.0,0
4305,76,5,10369.0,1
4306,52,32,90856.0,1
4307,11,164,850894.0,1
4308,9,89,340213.0,1
4309,75,126,244230.0,1
4310,14,40,73258.0,1
4311,334,1,44172.0,2
4312,15,104,259102.0,1
4313,12,49,107479.0,1
4314,3,61,131110.0,1
4315,15,88,201305.0,1
4316,50,6,51618.0,1
4317,12,105,254672.0,1
4318,81,78,268376.0,1
4319,8,177,343731.0,1
4320,32,4,67870.0,1
4321,12,49,98337.0,1
4322,20,8,14880.0,1
4323,48,22,42450.0,1
4324,88,15,693336.0,1
4325,51,98,64097.0,1
4326,90,6,13054.0,1
4327,361,4,-8769.0,2
4328,10,122,277997.0,1
4329,25,42,274078.0,1
4330,49,140,328510.0,1
4331,50,21,39209.0,1
4332,142,13,21484.0,1
4333,13,62,199329.0,1
4334,13,46,97001.0,1
4335,226,2,96.0,2
4336,366,8,18444.0,2
4337,39,12,29440.0,1
4338,3,170,413270.0,1
4339,69,3,26980.0,1
4340,20,22,292.0,1
4341,23,16,43069.0,1
4342,59,9,12837.0,1
4343,82,9,20462.0,1
4344,17,10,20480.0,1
4345,181,7,10774.0,2
4346,12,13,24962.0,1
4347,4,754,280608.0,0
4348,51,70,262820.0,1
